cluster_id,cluster_type,profile_ids,event_type,primary_asset_or_service,business_function,start_date,end_date,evidence_ids,evidence_count,anchor_evidence_id,anchor_source_type,evidence_strength,entity_summary,impact_keywords,cluster_summary,confidence_score,publishers,urls,last_updated
CL-000001,INCIDENT,SP-007,SECURITY_RANSOMWARE,UNKNOWN,Cybersecurity,2025-05-13,2025-05-13,"EV-2A849415F5,EV-2A849415F5,EV-2A849415F5,EV-2A849415F5",4,EV-2A849415F5,news,Strong,,ransomware,SECURITY_RANSOMWARE affecting UNKNOWN in Cybersecurity.,0.75,Resecurity,https://news.google.com/rss/articles/CBMiswFBVV95cUxPbHlJdTJCNmdZYzF5X3NRb0lYQ0pyeEE2TUVRdFd2SjZEZXE2ak53Vml2QTVSZFNKRnFoRGdJNXlXODRfNUwtSlFfLVNuMldkeXFySU02MDJmUzVtU0lmRWVYYjFKX19fWk9ScGJEVjhUVUpOZnZQQklXRXlSVjBxdEkyRjc3YklvZHk2dkR1SjBDWmVEbm1VaWliczAxS1k1M283VVhERENFQmd0SGdEUThraw?oc=5,2026-03-18T19:26:56
CL-000002,INCIDENT,SP-007,SECURITY_BREACH,UNKNOWN,Cybersecurity,2025-05-20,2025-05-20,"EV-B5C74B6E25,EV-B5C74B6E25",2,EV-B5C74B6E25,news,Medium,,breach,SECURITY_BREACH affecting UNKNOWN in Cybersecurity.,0.75,Procurement Magazine,https://news.google.com/rss/articles/CBMijwFBVV95cUxQeWNfb2VLTWRtNFUzVnF6OWw3b1FTVmZjODRUZzIxdmpNUkF1SS1pMWtvRDFOclZacDd6dnhSOF9aaEM3eHdMbThhMlJCeTR1V3FiN0RkcFNwTzZ4ZFkzVEFLQk80WkdNU0ROX0Voak9YNHhfR2VKckRmWG45Y3dkUFdyN1JYYUR5RlBmeHNRMA?oc=5,2026-03-18T19:26:56
CL-000003,INCIDENT,SP-009,OUTAGE_NETWORK,network,Network Infrastructure,2025-07-25,2025-07-25,EV-452E5B2938,1,EV-452E5B2938,news,Weak,,outage,OUTAGE_NETWORK affecting network in Network Infrastructure.,0.6,Reuters,https://news.google.com/rss/articles/CBMirAFBVV95cUxOTlJYQmNDd1kwVzFnVkZPNDRROVYzS1dtelZ5QWdQM01XR2FONXNvZ3RMeVEzUmFIYkNrTEg0TlQ0ZXZDLUhmOUdwSDNSTnhYbmdUXzUwclY0WmdWeHAydkV4aE1GZnpOaDVDQnFBNWNSYmlDbnV5RWxQdzg3OWp2djI4LXFOU2hUaGZSTDY0ME5hT0Y0SEY0dHFvSlRCTUhfNVlZOGpualZ4b01z?oc=5,2026-03-18T19:26:56
CL-000004,INCIDENT,SP-006,OUTAGE_IDENTITY,authentication,Identity & Access Management,2025-08-12,2025-08-12,"EV-043E09E3F8,EV-043E09E3F8",2,EV-043E09E3F8,news,Medium,,outage,OUTAGE_IDENTITY affecting authentication in Identity & Access Management.,0.75,Network World,https://news.google.com/rss/articles/CBMi3wFBVV95cUxONkpnWjQzdGNsSFBMVkdWTnc2OE5RU0k4eUZPSTU4MElnRlF4UERnY2ZXeW5mM0xQWjhCeVAyM09DZnFRSTRYOUp1R1dzWTZaenp4alpaUmE2Tm90QUhvWWc0U0Z5eDU5THRhTnpFeGplMGd5R2Vvbk0xRjFUWXFWaWYyTmpHRjZfcGQ1UHh3NndvZk1selJRS05jazg3bUtRZmxOUUZsZlFPYTAxQU1KWFZFVGFmbDlWVWdockVJSHkxTGtxeUJHcVc3aEVVT2dYbHhJV1VrelNKa3JjcUZj?oc=5,2026-03-18T19:26:56
CL-000005,INCIDENT,SP-009,OUTAGE_NETWORK,network,Network Infrastructure,2025-08-20,2025-08-20,"EV-B43901EC9F,EV-B43901EC9F",2,EV-B43901EC9F,news,Medium,,outage,OUTAGE_NETWORK affecting network in Network Infrastructure.,0.75,KOTA Territory News,https://news.google.com/rss/articles/CBMiqwFBVV95cUxOLUNCMVU4cV9lV0ItVjUwTkZtemRBN1NhWjc0N0E2OWZnNTZ4UjhnUGNERDZNWDVxMG9Ed1B3NGpOWEU0YXl4clF2Q2l6OHJaMURzSDZVbGFvdHdyMkZJblRrVmhQYk9rV3VFRTA0elIzdm5Jc3JsR2RCSjNsd2hYbVh2Q1Q4RWN3c1lCb21LNDJleWpUMkppZmFNTUJfN05ObmJ0ZkExNmlrMDDSAb8BQVVfeXFMTVpwNHdDWGNOVXI3dm95Unk0ZFA1bEVqZmJkdGdrelV5cV82T1hSNGxlR3FfcHJKaHoyN1NCNEw2VU1Jb2FkSk42TlZMcFhTRnJETnF4OGdXWEY3U254d3FNZmFJYk9NNS1oWTBIWk8wVWFMVjdNRG9YbzAzZFY2SjFOREZDbVkwV2MxMHpzYW13eDBNNzNlZzlZUnZobW52MjRINUFzb1FVVFlRMGljQmxPRFUxOXhCVUJwSDk3c2s?oc=5,2026-03-18T19:26:56
CL-000006,INCIDENT,SP-002,OUTAGE_APPLICATION,UNKNOWN,Order Processing,2025-08-28,2025-08-28,"EV-962567601C,EV-962567601C",2,EV-962567601C,news,Medium,,outage,OUTAGE_APPLICATION affecting UNKNOWN in Order Processing.,0.75,Clemson News,https://news.google.com/rss/articles/CBMisAFBVV95cUxOTHJyNXhHR1lZWl9JV2pfWENfRGcyUURUblNxUzhvTUNXRF9HamZBWTMycFRIaXgzNEpOWkRQMTJYVklzNk8ySXJXVF9ucTQwbkVCbHZ4cWpGMWJOZk1yam1keG13amJrbEZ2aUVPWGVULUFsV2tIZmx2cmlYdUdsYzZQMUhvdzAzN2IzMy1ZeGFvdWNFS19JQ0lMYW1STEdnNGtTSUU1em9mOFNYVjNTcA?oc=5,2026-03-18T19:26:56
CL-000007,INCIDENT,SP-014,CYBER_OPERATIONAL_DISRUPTION,UNKNOWN,IT Operations,2025-09-07,2025-09-07,EV-56E6C145FD,1,EV-56E6C145FD,news,Weak,,disruption,CYBER_OPERATIONAL_DISRUPTION affecting UNKNOWN in IT Operations.,0.65,The Guardian,https://news.google.com/rss/articles/CBMivwFBVV95cUxOWFhDWDJtMkwxdXVnLWxVazlKdnp4LWRpOGE3Wl9aR2Y0cGhzckpvN05Edm4zbnhDdmhVX3NrTnkwenh0aEhwUUFkaUZGbllQUG04aWpUVzRmT1Zod09PNjVxNXpkSWtWOXVER05DZGRiS0JKY2FiRzBtbVptZTlRbEdJUlJndjUyaGFNeG1PRC1IWDFpUEJCNVRjVVc1TXhMa093emNBZU9LSmxrazNQcl9VMm9SOHFlWWg3dDVQRQ?oc=5,2026-03-18T19:26:56
CL-000008,INCIDENT,SP-014,OUTAGE_APPLICATION,UNKNOWN,IT Operations,2025-09-17,2025-09-17,"EV-8614801AD0,EV-8614801AD0",2,EV-8614801AD0,news,Medium,,outage,OUTAGE_APPLICATION affecting UNKNOWN in IT Operations.,0.75,Industrial Cyber,https://news.google.com/rss/articles/CBMizgFBVV95cUxPRUYtX3hOZElrRk9ibEgybzVRR2prbDhndGl4VkYtQWU1OHlVeGdZNFFTMl9sMlZwVGlLdGlTRmk1bmdYVm1tbEdreFRqX0RkUzcwMWhhc1cxRzJaYmxtYzdHOGh4dnUtenVIU2dlM1dfQk1WdGQ0RlJVU2d6aVRlc05HZ1E3cExRTHlTUGZvX2JmYWRpaFlQTVFNeUlZNHVhenp5bFlwWVkxY0htLWg2dWtlQjYwVGpiMm9rb1ZzZGhaSE1lWGFGZVA4dWFmZw?oc=5,2026-03-18T19:26:56
CL-000009,INCIDENT,SP-014,CYBER_OPERATIONAL_DISRUPTION,UNKNOWN,IT Operations,2025-09-20,2025-09-20,EV-6D71DA62F2,1,EV-6D71DA62F2,news,Weak,,disruption,CYBER_OPERATIONAL_DISRUPTION affecting UNKNOWN in IT Operations.,0.65,Reuters,https://news.google.com/rss/articles/CBMipAFBVV95cUxOcUZzRDNUeDM4ZXhqUnlwbTlJaS1TUXhyM1A1ajVlNmZGdG40Y2daNGFSMHBSUTBGR2huZ3VrcC1hQ0E0aF9SVXhpS2FSTTUwVjhXYTNaY1ZxV0VqVjR1bjdmVW53SS14WUx3dzNfZ1FNNHRWa0wwa1g3bFNhYWE2Vl8wVzlic0hYcFhpWkJzVGxsOUhobm9fYl9kaG1aNFBKU2FINA?oc=5,2026-03-18T19:26:56
CL-000010,INCIDENT,SP-008,SECURITY_BREACH,UNKNOWN,Vendor Risk,2025-10-07,2025-10-07,EV-D10A03F6C6,1,EV-D10A03F6C6,news,Weak,,breach,SECURITY_BREACH affecting UNKNOWN in Vendor Risk.,0.75,Infosecurity Magazine,https://news.google.com/rss/articles/CBMigAFBVV95cUxNZGNfTWpyVTVMMFRkM0hvUHl0MHVOM2hNMlZyMTNncE1UdTMtRlRwMzZuU3ZqZkJETHR1ZFg3LWxFb05oYkJsdzlqUkpxY0JEd08xTk9mdEc1M25zOE5tdXFfai1JaUdGcVh6N3dqNFBDUGkwelRyLUVvbFRpZFctbQ?oc=5,2026-03-18T19:26:56
CL-000011,INCIDENT,SP-008,SECURITY_BREACH,UNKNOWN,Vendor Risk,2025-10-07,2025-10-07,EV-302272D3FE,1,EV-302272D3FE,news,Weak,,breach,SECURITY_BREACH affecting UNKNOWN in Vendor Risk.,0.75,Malwarebytes,https://news.google.com/rss/articles/CBMiqgFBVV95cUxNVzV6UkdHa2dfbnMzVE9WYzh3NHJPeF9pekVVV1RTT1NVRVBDM1FTTG1hN0F1M1pIdHNKX0dCRkEzYlh3ZktKSGoyeGhjbDh4UHdYQXhQdlZWNGF2Q21WWkl2SmxRczRnZVdMRmdST1FaUERZQWxNbGVrRHpmbUxCal9hRDVvRnpZUkZmSXhlbDRSUTJXaXI0SENsWWdKRlRiWU5HX2ZpcXFGZw?oc=5,2026-03-18T19:26:56
CL-000012,INCIDENT,SP-007,SECURITY_RANSOMWARE,UNKNOWN,Cybersecurity,2025-10-08,2025-10-08,EV-52E1DB27D9,1,EV-52E1DB27D9,news,Weak,,ransomware,SECURITY_RANSOMWARE affecting UNKNOWN in Cybersecurity.,0.75,Rescana,https://news.google.com/rss/articles/CBMixgFBVV95cUxQNElqVjJiSGxRVW01Y1VrUTlLRkFBZksxb0Q2Tkoyd2xONFIxUWFybzJSX2pCZTRPN0VPWEFRYThqRjR2WEc1Z2pDZVRKaFpfRmtnbU9LSmQxd2ZpQ3Z6TVNUUXVueWlDTzdhQmhoZ0gyT3pBWHgwX1lsdlpFcENLLUJua2hxSDMyUHVuYnNqWV9sNGpkR1ZYT2QtTDJUUlV0R3p2WS16a3ZnQllRSjBrZzlmT2M5QzRBbFpnQkFHNE1VSGlDcnc?oc=5,2026-03-18T19:26:56
CL-000013,INCIDENT,SP-009,OUTAGE_NETWORK,network,Network Infrastructure,2025-10-13,2025-10-13,"EV-B0669977DC,EV-B0669977DC",2,EV-B0669977DC,news,Medium,,outage,OUTAGE_NETWORK affecting network in Network Infrastructure.,0.75,Inside Towers,https://news.google.com/rss/articles/CBMikgFBVV95cUxOdnVSSE1vOVRCUU94ZDNpNGhETV9rb0pYNGtvNUNPNTViVFpZek0wN2pSQ041LVBGSEs3U2VXWFVySHFFd0RLUXBJT3lCVkM0enZUQUJRWGcyRjdxdk41Slh3VGZSY2VRLXNDRWtHeU9HZGJtQmpsNnBrU1FJUlo5QThsYmlJeFppNmh0Z1FDNVNlZw?oc=5,2026-03-18T19:26:56
CL-000014,INCIDENT,SP-005,OUTAGE_CLOUD_REGION,cloud,Cloud Infrastructure,2025-10-19,2025-10-19,"EV-D4AA0C97C8,EV-D4AA0C97C8",2,EV-D4AA0C97C8,news,Medium,,outage,OUTAGE_CLOUD_REGION affecting cloud in Cloud Infrastructure.,0.75,Honolulu Star-Advertiser,https://news.google.com/rss/articles/CBMitwFBVV95cUxNUHZaZWNsUC1RT1VZTlU4eFdacjhQejREWWRnd2g3Tnctay1EWFlwdkl0cjZDRHEtWmI5YkZvT0I5bFp0ckRuaGlMaHpQQnVEQUd4VlpKT0ltZk5sT1pXN2FjS3hodS1qUkF2OGxEVTc2TWdVSllwQnVlZm1ya3Q1dTI4WWV0b0FkNld3RlpqbTV6Z1dDajJidWVUbGlyY2QzSEgteWZBUzlfdWM3Qjg3VzNOeHJER2c?oc=5,2026-03-18T19:26:56
CL-000015,INCIDENT,SP-005,OUTAGE_CLOUD_REGION,cloud,Cloud Infrastructure,2025-10-20,2025-10-20,"EV-E1C058A8F2,EV-E1C058A8F2",2,EV-E1C058A8F2,news,Medium,,outage,OUTAGE_CLOUD_REGION affecting cloud in Cloud Infrastructure.,0.75,Forrester,https://news.google.com/rss/articles/CBMilgFBVV95cUxPY0U0XzQ1Y3hTQi03WDByY0ZITjYxZXVCbF9sU1BleklaaXNJbGo3ZVpIYXJpc05rcWdJVTZ6QTh2X051VnhvTVQ1b1h6eDhZaXFBUkpGQ3BqWGtZTVRRQ2NOU2F6ME84UEtVZUl3U1hucFVzYWo4RnJRVU1hbEtMX05Fc0JLeDFEY25uSWNpZlVrNFprWkE?oc=5,2026-03-18T19:26:56
CL-000016,INCIDENT,SP-005,OUTAGE_CLOUD_REGION,cloud,Cloud Infrastructure,2025-10-20,2025-10-20,"EV-78049EC956,EV-78049EC956",2,EV-78049EC956,news,Medium,,outage,OUTAGE_CLOUD_REGION affecting cloud in Cloud Infrastructure.,0.75,PBS,https://news.google.com/rss/articles/CBMiuwFBVV95cUxNTU1heVFjaGltR0oxLXM4a0U2Q0NjVW9OeW50SG1sd1l1cDAzeXpTOHVPY052Sy1mbWFya2t5SFE2Z3E5LTNtNExXOXdLeFQteTZLZnhtQ09UUk04U0cxZlNEckhydTFFS0dyVXNBR3BSWEh1aktNOHNGWkhJRG94M3hvTlA1WUZLVlc4emsxLU8xMF9Fd2xSb01JRWJjUFN5aE5sLVRIZmVXWVI0MHg2Ml9zS0RsdHJ5T3I4?oc=5,2026-03-18T19:26:56
CL-000017,INCIDENT,SP-005,OUTAGE_CLOUD_REGION,cloud,Cloud Infrastructure,2025-10-20,2025-10-20,"EV-0A24ACD7CB,EV-0A24ACD7CB",2,EV-0A24ACD7CB,news,Medium,,outage,OUTAGE_CLOUD_REGION affecting cloud in Cloud Infrastructure.,0.75,Tech Policy Press,https://news.google.com/rss/articles/CBMimgFBVV95cUxPenZmQjA5UXhTZV9iZHJxU0tUZ3habl9LOFlPNmItcDhXRmg2MmF1ejlLQlFodm1CWm9jY1pDdGNQREZ0bFJFZUo1RTdhSHlRY1pRbWJ3NFlXTVN3SFd4TUZhNGhUb0xUYXNTQ1pMVlRqMHdkZUs4WnUxZ0k4S2loZ1F0V3oxc1hHSV9mWXYyQXFuWHlwOHhBRlFB?oc=5,2026-03-18T19:26:56
CL-000018,INCIDENT,SP-005,OUTAGE_CLOUD_REGION,cloud,Cloud Infrastructure,2025-10-20,2025-10-20,"EV-52DA69C10E,EV-52DA69C10E",2,EV-52DA69C10E,news,Medium,,"disruption,outage",OUTAGE_CLOUD_REGION affecting cloud in Cloud Infrastructure.,0.75,DW.com;dw.com,https://news.google.com/rss/articles/CBMilwFBVV95cUxQZ1A0VVdFeXBMUWM0ak5jeE1PRkgzY21RTXFxVjl5YTVIOV95M0VreURNU2Z2LThGTG5QZ0FmdFlybVgwQWRWeV8zQmpNbGtsQlZ4TzI4dkRrM0JBREVHZGxFWGtTTDBSQjJaTlJscW1GN19HUzFneFNsNlY1alJvSHpycEVRY0NxbWN3Q1ZkSFFDQ1BCQVVZ0gGXAUFVX3lxTE5VSHFGSUtueXMxRkREM2VXUGZFR2FuV1JqbHdKM2dXXzd3MUd6bUhMTkU1OVlPbW1OdGs1V2J5TGx2alFFMU9lTklMTHdqTUgwVkxrYkJ0U01wbHZtdFBUTEswbFdsdUgyRWU0ZXFGNFYyRFlsVHlieGdNdGVpQnNSYVhQSEoyd2FLSGJaVUNWcncwY1l4SEE?oc=5,2026-03-18T19:26:56
CL-000019,INCIDENT,SP-005,OUTAGE_CLOUD_REGION,cloud,Cloud Infrastructure,2025-10-20,2025-10-20,"EV-42C77CE4E4,EV-42C77CE4E4",2,EV-42C77CE4E4,news,Medium,,outage,OUTAGE_CLOUD_REGION affecting cloud in Cloud Infrastructure.,0.75,The Conversation,https://news.google.com/rss/articles/CBMi0gFBVV95cUxQSE5yN1hsbG54eGt3QnRaOWV1bkROeExNaHJRbnpHOUMtMng5YlZ5S2U5cWhUWVpwZlZGQ0JacDRvRjN6WVF2S3RsYjhOZUxGYkk3V0NSZnM1SkVNUi1xaXFQNE04NHVwTUZ3S0ZkNmhZc2NHWWRZdDFqZlgzV1JDQzFkOGxOWWpzekNoVFg4QWQtbTZBcXhqZDRwQTNwRnRHYkI2ejBuTDBlQjYycWVtYVUzTHZXaU9ieEpWVXFGcWJSVVRUSEVxRkFOR0J1YmZCdEE?oc=5,2026-03-18T19:26:56
CL-000020,INCIDENT,"SP-001,SP-004",OUTAGE_CLOUD_REGION,cloud,Distribution Operations,2025-10-21,2025-10-21,"EV-408A067684,EV-408A067684,EV-408A067684,EV-408A067684",4,EV-408A067684,news,Strong,,outage,OUTAGE_CLOUD_REGION affecting cloud in Distribution Operations.,0.75,Logistics Viewpoints,https://news.google.com/rss/articles/CBMiqAFBVV95cUxNSWlCSnh2WWtpMncyb0tCV044MzBhMk5uclhGY2p5MmtyWFZabEx3cm1wNEJUTExNQnNYRlBCUnBlTUM2MUNCUlZqWnJSZVcyM0ZpUmVyWTRTSlMyd3gwcV8tZnd4WVdXbU0zU0FpYUZXQUh3OXZzU1BXSllUd1FkTFVXZXNlWTB1TnBrcUFLVFVhOTg2RTdhcDdqN0pBTzBaX2JVdkJ6RVY?oc=5,2026-03-18T19:26:56
CL-000021,INCIDENT,"SP-002,SP-005",OUTAGE_CLOUD_REGION,cloud,Cloud Infrastructure,2025-10-21,2025-10-21,"EV-3AA80863BB,EV-3AA80863BB,EV-3AA80863BB,EV-3AA80863BB",4,EV-3AA80863BB,news,Strong,,outage,OUTAGE_CLOUD_REGION affecting cloud in Cloud Infrastructure.,0.75,Financial Executives International,https://news.google.com/rss/articles/CBMiogFBVV95cUxQc014MEJiUzMtdGIyYkhmcndfS0wxOHU4RFY0YUQyeUx5ZTdNblRmaUFHQ01uRFgtSU5mRXRFVEc3cC1vVDZuT29WeVJGWHFYTnM4MGtiVkc3LUhXSWdxYXlxcVkzZWctZkhLSVhxQTA5VkJJNjI5X1lwNVZ1WWtVUUIyMG9aYjVsLS1ldzhJdmktRE5iOE1uM0dLN1lIeDRiU0E?oc=5,2026-03-18T19:26:56
CL-000022,INCIDENT,SP-005,OUTAGE_CLOUD_REGION,cloud,Cloud Infrastructure,2025-10-21,2025-10-21,"EV-A866428D1D,EV-A866428D1D,EV-A866428D1D,EV-A866428D1D",4,EV-A866428D1D,news,Strong,,outage,OUTAGE_CLOUD_REGION affecting cloud in Cloud Infrastructure.,0.75,Reuters,https://news.google.com/rss/articles/CBMitwFBVV95cUxOeE4ycmlacV9XMzUzeE83dnZlcUV4c3RBNXJkMlhkSUxaTmhKQjNyV0dDbTJWRW9nUE8teU1MczY0dTZKUFVkSW9jNnJHVVFlQkhQNklXNlV0bkx1dy1STk9lZjM0ZE1JMVFnbmdzdGltRU1Wd21Nbm9GUDFqZmhpWmJGaER4ZGRxOFNfYzNvNmN6ZEFZYTdJVkdsdjRDbWZnRHlhbmh1NXpjdzFuNjBLeldkd3ZramM?oc=5,2026-03-18T19:26:56
CL-000023,INCIDENT,SP-014,CYBER_OPERATIONAL_DISRUPTION,UNKNOWN,IT Operations,2025-10-21,2025-10-21,EV-EB42DD50B1,1,EV-EB42DD50B1,news,Weak,,disruption,CYBER_OPERATIONAL_DISRUPTION affecting UNKNOWN in IT Operations.,0.65,The HIPAA Journal,https://news.google.com/rss/articles/CBMic0FVX3lxTE9FVEFFbGs4R3BpeFNfeDBka0MxSkN6c2xXU0taaFRPcWpldEhrQzhzMUJPbjNVa1JoN1JEQnJ3Y29EN0UxVW9YZkYxTVN0eWlOS3FWWlVKc0lKMXJOSzk3UUJIZHF4U25OQUFYNVlPNC0tN1U?oc=5,2026-03-18T19:26:56
CL-000024,INCIDENT,SP-008,SECURITY_BREACH,UNKNOWN,Vendor Risk,2025-10-22,2025-10-22,EV-878878A83D,1,EV-878878A83D,news,Weak,,breach,SECURITY_BREACH affecting UNKNOWN in Vendor Risk.,0.75,Daily Montanan,https://news.google.com/rss/articles/CBMizAFBVV95cUxQMnU4eTkyYTkzb2Ryc0tBeWpFZXhBUXRXNEphRjV6WUh3Zy1JdkF6YUhqcU1tVjNzMDRtVjJRTFZNNmlVTWhoblhsYmxGNGRIZnJGczhsVUZFVnJHaTU2ZUY2dm5lcmRsV3ZLYTI1WVF5b1FScDRCZVZJaU1ZTExybFdOUlBFYnE4RGx2a0RZTFJpTndld3BfaHp4Z3Y0SWJCNm1RbTltZWhtQmhEWW12UHFwa2tRS3poMEtQdUFHUllaU2J6aWlwaDNMQlA?oc=5,2026-03-18T19:26:56
CL-000025,INCIDENT,SP-012,OUTAGE_CLOUD_REGION,cloud,Procurement & Supply Chain,2025-10-22,2025-10-22,EV-0B0A3CA4C2,1,EV-0B0A3CA4C2,news,Weak,,outage,OUTAGE_CLOUD_REGION affecting cloud in Procurement & Supply Chain.,0.65,Automotive Manufacturing Solutions,https://news.google.com/rss/articles/CBMi2AFBVV95cUxNWkNrNGhGYjFKdEtyaVNXRDFkbFpmSU82bXB0VmNHWlpRY1liQWpSZV9ib2dGaVp5ZlEwS01sdzZhdzMyUy1ib3R3b3Y5RHdqaHdUQXZROHdjT245VE44NUotWUJwRWhBcGxPUzI4MXYyZy1QMWdQamZmYVZzRUtWNW4yUER6SWVhRjE2enpqTHcxSy1aOG9jdzFvX045ME5ydW1Qc0tocHQtN3NPS3lwSUl2M2JzNnB0aDl5cTVtaTlYaGk3RnFiM0tnakdEN2pxOU9wNnhTVDc?oc=5,2026-03-18T19:26:56
CL-000026,INCIDENT,SP-005,OUTAGE_CLOUD_REGION,cloud,Cloud Infrastructure,2025-10-29,2025-10-29,"EV-F2BC4475CF,EV-F2BC4475CF",2,EV-F2BC4475CF,news,Medium,,outage,OUTAGE_CLOUD_REGION affecting cloud in Cloud Infrastructure.,0.75,ABC7 Los Angeles,https://news.google.com/rss/articles/CBMiugFBVV95cUxNc1EycG1yZm56MkNheDNGbXpjS0E0Vk1DVGlSSllPME5rTzNMczkwa0d3MU1Hc1lSNURIMUdqRWxqb1M4TDJMdWp3UlZ1a1NWRy1SYzdSOFVuc0RFbTYzR2dvc0NydFBUZGRKdlRHX2JfSnUySnZxOThCQTVVWEVMbWNIWDJwVENnYktra3JCY3pRSzcyTXY4Q2pVTm9DS2VGTG4ycVZhYldmbG45SXd0ZHJTc0JtLVZFTVHSAb8BQVVfeXFMTnI1ejRKQ09KOUpTV29PMHpWTElHS3lEZkRpUUc4Q0F5WTd2cU9WQ3V2bEdVVEZPQjNnRnMxNkJlNnpBVkJZaHcyMmZua21IS3RleTNaamdJaUpEdTBLVXhmeUgtX3FVTll5V09uejBNbzF1N1l5eUc3cUt3dzJDTXpqZFI0Zk5aNGhLajdkR3QwZ3BEVjE5R2x2UHFHdkpyN3lJVXlkbEh6WURscW90Y19xeGxmTFJWa25sVkF5NFU?oc=5,2026-03-18T19:26:56
CL-000027,INCIDENT,SP-008,SECURITY_BREACH,UNKNOWN,Vendor Risk,2025-11-20,2025-11-20,"EV-A5CDE23DBF,EV-A5CDE23DBF",2,EV-A5CDE23DBF,news,Medium,,breach,SECURITY_BREACH affecting UNKNOWN in Vendor Risk.,0.75,CyberScoop,https://news.google.com/rss/articles/CBMibkFVX3lxTFBDYlVna2UyOUo0OHJscW5BZ3JsQ3lReGtVN242cFdtTDc0NFpiNFM0THNoRV9SamxyaEFVQUFJRFA3WmVoVFdTU0FpS0tBWkljck1xLUFNNWN4M3FxeDNtcGo3dVRKS2lQMGlBSEt3?oc=5,2026-03-18T19:26:56
CL-000028,INCIDENT,SP-008,SECURITY_BREACH,UNKNOWN,Vendor Risk,2025-11-23,2025-11-23,EV-3F40A295B0,1,EV-3F40A295B0,news,Weak,,"breach,leak",SECURITY_BREACH affecting UNKNOWN in Vendor Risk.,0.75,BleepingComputer,https://news.google.com/rss/articles/CBMisgFBVV95cUxQOURRR1FzX2Fwb1BmWjNQOWFpM3J4VF82NWxDSWhDYjBocmJfNGp4MWRxeldoNnhtS3ZxTGQzcEFJWGZkdWdqYzlQZnZvSDZmR0FfczZnWUlsWVJjakxQZnJaX0l5X0RjeWZIbTdDY2lPek1GMW5xYW1EQTlHcmc5cHJ4REJ4UlB1MEJnQmFCS2xwb3VHemhTd1VxVDhWQW9JWGp6cUNhakxtZHQ3Z3NrN3VR0gG3AUFVX3lxTFA2UkRILVZVeHhxZDRvY09DcUVId2E0SWxYdWdINThvU3RaMUJVSV8wSlBBbXhfSFkybHVTUjVfRHl6ZnZvV1NuOV9lYU1XbGRJbnY2UllFSm1UcGZaTVNaU01INFQycFlVRGEwejI3VU9WYlg3Q18xdjFRWm5oYmItOTlSbHBGN050UEpQTWNhMGpKNUE3ZC1ZSUxUclltSzNUMlV1LVNnSm50dGZNVHdyMG1PSWExQQ?oc=5,2026-03-18T19:26:56
CL-000029,INCIDENT,SP-008,SECURITY_BREACH,UNKNOWN,Vendor Risk,2025-11-24,2025-11-24,"EV-036BAEEF86,EV-036BAEEF86",2,EV-036BAEEF86,news,Medium,,"breach,fine",SECURITY_BREACH affecting UNKNOWN in Vendor Risk.,0.75,Reuters,https://news.google.com/rss/articles/CBMiywFBVV95cUxOcFBDWmJpR1ZpT1E4TERZSVdfWnp1MUZiNU5uM0NGeHBnOFBGOEdDcXRweS1KTGtmOHdsRUQ4aXI3RzJZT004VXdFQzVTNVR1TnV4VEpQQVhUXy1IRm83VlRJYkNOaHc3QU0xdFRZZkdrWnAyWFVYYkdhZThSTmhUN08tWDJQb19OMkIxSmRINGs4aFpRNUR1a3lHUjlkck9yRE50XzNYd3E2c3FWRGNwME5xbkc2eVlDUUhYTmJ5eUp1SlRjdGpLa1pxNA?oc=5,2026-03-18T19:26:56
CL-000030,INCIDENT,SP-008,SECURITY_BREACH,UNKNOWN,Vendor Risk,2025-11-24,2025-11-24,"EV-DBE99CBB20,EV-DBE99CBB20",2,EV-DBE99CBB20,news,Medium,,breach,SECURITY_BREACH affecting UNKNOWN in Vendor Risk.,0.75,SecurityWeek,https://news.google.com/rss/articles/CBMijwFBVV95cUxQeWNxSHpCajM0VXR4QzZXVHo2aWYtUDljN2kxTC1ncG95RWxKeFl1czF4ZExjUkx1aWlKUUVCM2JWX2ZDM0ZiR0Uwb1dWaHJveTJJOXl4UGF4d2lPRkRJRjFmQ0h0VlRzTy1hdlhtNmpzTzNycUxxSUpac3IzRjFfUW5BbTdKczJqbWRYeGxqSdIBlAFBVV95cUxPTzdPcV9DZDZ0aGJIaGFSRzlIRXdHUHNWNW1WdlFWNUxYa19JNTVxRzEwUmNqeEt0SVVBTEZoUU91NWhFMU1CNUNDbzJyNDFsTkhSRmlBYlZXajBnREl3V2x6SFcwYkMzV2EtVDVueGg2T1B5d3prS05BUUV1WWF4MGZaMWpHSDFKVjhTOWFMWjJ2MXFx?oc=5,2026-03-18T19:26:56
CL-000031,INCIDENT,SP-009,UNKNOWN,network,Network Infrastructure,2025-11-26,2025-11-26,"EV-73DCC16AFE,EV-73DCC16AFE",2,EV-73DCC16AFE,news,Medium,,,UNKNOWN affecting network in Network Infrastructure.,0.75,Network World,https://news.google.com/rss/articles/CBMizgFBVV95cUxNZjVrUTQ4dkwtaXJmZHJ4LTU2VldMdEtBd3VHclBGVHVIMUl4VEp6dGZhYkNTOV9HbUdXMGVXc1BndFZiRlNTOXp3S0xPTVJwZlFmbnp3Z1FtcjZ3MFFrLXUwa0cxWjd3aGRkUHdtRkZzZ294RXdhLXltWk9SaUkxZnVSWHMxYU9RUHFhNGp6T00yZDZNOW0ydTN0V2hxWnNfelV2MHEyRE9MQm5mYTdGYjlfZV9fUmtfRGlRMEpIUk9JRUZ0M2ZWSEVkbnlFZw?oc=5,2026-03-18T19:26:56
CL-000032,INCIDENT,SP-008,SECURITY_BREACH,UNKNOWN,Vendor Risk,2025-12-04,2025-12-04,EV-6615E79E5C,1,EV-6615E79E5C,news,Weak,,breach,SECURITY_BREACH affecting UNKNOWN in Vendor Risk.,0.75,SecurityWeek,https://news.google.com/rss/articles/CBMilwFBVV95cUxOVENnSkVlN2RhdHd2WXJVWmRQcnRYakFMeGpUUld1TVdWTUppbjkzQ1lKUHVJNnBDN1JOREJxTXp6czI4X3VubmdMTmRHQVBJcmdyREVGZEtjUVdRNHZXWFMyZzVZc0daMk9TZ0lkMUlGdnMwX1VjVGRicVJlZko2TXNkWG45OVViMFdMSFg2TGZNdkdhaWtB0gGcAUFVX3lxTE1uQVByc1Jrb0YtUjJ5SE9nb0hmOWc1dWRCOVJGejd2ejdCZWJjaGxTLTlsc1NuX2hLWThJWHJOaFpBVjNaS2lTQXg2aHlhM21kY21tV29XNWoyekZmWHZKMl9WSjkxdGJ1R04wR2JsVmdlNkluUlFRMWxaQTRhVkR3R2plWThvSkR3bUdUMVZIZzVhRVIzcVJfQ0dBQg?oc=5,2026-03-18T19:26:56
CL-000033,INCIDENT,SP-007,SECURITY_RANSOMWARE,UNKNOWN,Cybersecurity,2025-12-11,2025-12-11,"EV-B6E78CFC94,EV-B6E78CFC94",2,EV-B6E78CFC94,news,Medium,,ransomware,SECURITY_RANSOMWARE affecting UNKNOWN in Cybersecurity.,0.75,Industrial Cyber,https://news.google.com/rss/articles/CBMi4AFBVV95cUxQcTFid1ZqV0dWajdoT0xDQW9teWtzdWhkV003QzRPb0xpS2lCX3FKWVc0VmtmMENwZ0NGRjRfWUdNTmRqNHlvaEhrbm1IV3JBMGFRQkxhX0VoOVZ4N1gxdG10X3lPYmVDemgybXU0d2ZoTldDMEhIN2ZsM2RzcjcwSUNoNldvYnFwZXZaMldCS0xZU256OWZwTnJLdmdTeVFkVV9OWDNLSm5QSVBwSzZVM3VZNnJWUXR0TmpaZmc3S3JqUnpxN21HaGotOVZFR0xXOUZTc3h5TWU0X2Npd2pKUA?oc=5,2026-03-18T19:26:56
CL-000034,INCIDENT,SP-010,OUTAGE_APPLICATION,UNKNOWN,Physical Infrastructure,2025-12-19,2025-12-19,"EV-D4B0AF7CF2,EV-D4B0AF7CF2",2,EV-D4B0AF7CF2,news,Medium,,outage,OUTAGE_APPLICATION affecting UNKNOWN in Physical Infrastructure.,0.75,Insurance Journal,https://news.google.com/rss/articles/CBMidkFVX3lxTE5uWG05ZlQ0d2h3c2NONGM5YUxHbUlNRWluV0FfUExlZHhETkU4T2J4UFUtN21fajRmYnp2UVo4bWcyRkZDY0RYdzM1eTZ0cGYwTEFmS0NXaWt4bTZzbDZvamxsd09uX2F6UnpmUERTXzJqdGV2Qmc?oc=5,2026-03-18T19:26:56
CL-000035,INCIDENT,SP-008,SECURITY_BREACH,UNKNOWN,Vendor Risk,2025-12-23,2025-12-23,EV-14A6B6FEA7,1,EV-14A6B6FEA7,news,Weak,,breach,SECURITY_BREACH affecting UNKNOWN in Vendor Risk.,0.75,Yahoo Finance,https://news.google.com/rss/articles/CBMihgFBVV95cUxNQUxQMjA1UUZBV2JZNEtmZTFNVmF5X2E3UmtrN0hUWWp0aDI0OHN0N0swd3ZQVFRpcmFWRkhoeFByX1JxZGxQQ2JLb0ZkSHJ5dDFYWnk5elRJRXA4MjZHRnIzU2lQT3ZnTFhmdWxQRTU5bExoNkx1aEt3eGRHU0FlcDF0eGFPZw?oc=5,2026-03-18T19:26:56
CL-000036,INCIDENT,SP-008,SECURITY_BREACH,UNKNOWN,Vendor Risk,2026-01-05,2026-01-05,EV-BB7E6E4B6C,1,EV-BB7E6E4B6C,news,Weak,,leak,SECURITY_BREACH affecting UNKNOWN in Vendor Risk.,0.75,The Block,https://news.google.com/rss/articles/CBMihwFBVV95cUxNbWF3REYwZzFycVdJd2JuemdNUmg1bkd2WU5oNmlZU1owamVTVFJhNTMyNTlwVjA1MnVGSHBSZUM0VDdoMXpjaTN1a0pVOXZSaThfU1kzb2xvOUFEY3kxSGxuTGoyTVA1Q3gxM0UyMGJGajhaZDd4MDVuZ3Z5ODhDQVVyWHpyT2M?oc=5,2026-03-18T19:26:56
CL-000037,INCIDENT,SP-009,OUTAGE_NETWORK,network,Network Infrastructure,2026-01-06,2026-01-06,"EV-AFFA3B497B,EV-AFFA3B497B",2,EV-AFFA3B497B,news,Medium,,outage,OUTAGE_NETWORK affecting network in Network Infrastructure.,0.75,Network World,https://news.google.com/rss/articles/CBMirgFBVV95cUxQUl94dlMzcTJha0xEeGhTNWxWZEc3MXRzWWFXUFFWQlI2UndaX3U1ZkwyLTZHZ3V2T081dko2b25GdGhNMTBmeGp2M2NZUmxlYnNZdDZQcFFraHA0b0VjdUNGMnVRcE5CVldERzAtdkFCc2IwY2tIc1FNSWZ0Q2pmNnBwd3NncndUQ0NsU256aElEdGZxck1RVzVDWHpILTRMM2xrR2NoNWZ3Q01jM1E?oc=5,2026-03-18T19:26:56
CL-000038,INCIDENT,SP-010,OUTAGE_APPLICATION,UNKNOWN,Physical Infrastructure,2026-01-13,2026-01-13,"EV-E9263BDA5E,EV-E9263BDA5E",2,EV-E9263BDA5E,news,Medium,,outage,OUTAGE_APPLICATION affecting UNKNOWN in Physical Infrastructure.,0.75,Data Center Knowledge,https://news.google.com/rss/articles/CBMikgFBVV95cUxQQWRITDdYUXRtczMzSTdtZEIzamxpMTk3T1pSSmowMk15RzdfMlhYcUo4SlBpb0FIbDZkbDBIcEd1T016YWxXMGZJektXYldpZGQ4a0E5dEZkR2NYeFlvWEJYT3lEeGRWTnhuMkxPTVRjYWFBZXkweURqMWpJaDZNTFV4QndnS1NPUHNOUl9hbGY2UQ?oc=5,2026-03-18T19:26:56
CL-000039,INCIDENT,SP-007,SECURITY_RANSOMWARE,UNKNOWN,Cybersecurity,2026-01-16,2026-01-16,EV-E7524151EC,1,EV-E7524151EC,news,Weak,,ransomware,SECURITY_RANSOMWARE affecting UNKNOWN in Cybersecurity.,0.75,Cyble,https://news.google.com/rss/articles/CBMifEFVX3lxTE1nd3FXR2xudE12X2dzODV2LWJVOVEtWkhsWUkxM3dEcDJYbVVGSjROT0YwYTdzTXZaNndRM213ZGQ5Y3E0bGdHb3ZMWjRfQzY5cjFDeHIyMnlzNFViUVFxM2RiY2ZzWVdiWFYwODhvLTBER184SlRVcng4Q2fSAXxBVV95cUxNZ3dxV0dsbnRNdl9nczg1di1iVTlRLVpIbFlJMTN3RHAyWG1VRko0Tk9GMGE3c012WjZ3UTNtd2RkOWNxNGxnR292TFo0X0M2OXIxQ3hyMjJ5czRVYlFRcTNkYmNmc1lXYlhWMDg4by0wREdfOEpUVXJ4OENn?oc=5,2026-03-18T19:26:56
CL-000040,INCIDENT,SP-009,OUTAGE_NETWORK,network,Network Infrastructure,2026-01-20,2026-01-20,"EV-88FFECA46C,EV-88FFECA46C",2,EV-88FFECA46C,news,Medium,,outage,OUTAGE_NETWORK affecting network in Network Infrastructure.,0.75,Fierce Network,https://news.google.com/rss/articles/CBMihAFBVV95cUxOXzRGZjdYTHNqcU1WOGdhSHgtWngxNmc2MTgxT0ltTGpETVZINjdjWU1paDhJOXFsckp5ZXlWTzdjS0JCbDI1ZF9CajV0MXU3Y0ZNU0pMbjV2Z2N3VWduUk5odlRSXzZSV1NnVzFmUkZaQVpINFM1eHotS2ZDalRrTTlrOFA?oc=5,2026-03-18T19:26:56
CL-000041,INCIDENT,SP-006,OUTAGE_IDENTITY,login,Identity & Access Management,2026-01-31,2026-01-31,"EV-E2655ADAAE,EV-E2655ADAAE",2,EV-E2655ADAAE,news,Medium,,outage,OUTAGE_IDENTITY affecting login in Identity & Access Management.,0.75,Meyka,https://news.google.com/rss/articles/CBMimwFBVV95cUxQSFhUUFhaSnRKaW14V2x5Z2xNOHg5WHdNQXUxNDVNMFgybnIycjR3blU2MU9ZV21SSUFaNzlOR0dxeUJISm9YdEhHSzJIQjE2M3NjbEJleDFxc3B3WTNkcHhFSUZQWVF6b01KQjlOX3hiaElKQmhUNUF2a004Z1Y4UFFZYzFRZVVyUUNTU2c0RngwU1hsT2Rmd1Faaw?oc=5,2026-03-18T19:26:56
CL-000042,INCIDENT,SP-005,OUTAGE_IDENTITY,identity,Cloud Infrastructure,2026-02-04,2026-02-04,"EV-76B2C58A9D,EV-76B2C58A9D",2,EV-76B2C58A9D,news,Medium,,outage,OUTAGE_IDENTITY affecting identity in Cloud Infrastructure.,0.75,InfoWorld,https://news.google.com/rss/articles/CBMitAFBVV95cUxOWXZ2NnlYOTVYR1dOeVpyd1B6M2dCOEdxdlBxQzMyZU82TzdsckRKUlRuRklDWmlCa3BYZlhGdTNINzNwNmd3RjYzWUs2NmZRRGNrZGFxclZSRHBTVF9kSzdNM3hEYThWWWRyOV9GVEVwRUk0UHhCbkRVYkpCSjIwNnBQNjhsUF9yWm5xSXMxaUxUSjFVWm1JZHJhVGVyUC1oMXRtUjNJVmVjUmdBUlVsbkRQUWQ?oc=5,2026-03-18T19:26:56
CL-000043,INCIDENT,SP-008,SECURITY_BREACH,UNKNOWN,Vendor Risk,2026-02-06,2026-02-06,"EV-9EDFEF11CC,EV-9EDFEF11CC",2,EV-9EDFEF11CC,news,Medium,,breach,SECURITY_BREACH affecting UNKNOWN in Vendor Risk.,0.75,American Banker,https://news.google.com/rss/articles/CBMimgFBVV95cUxNN2NIWWRCVktxSG5tX3hqdEtOMHFfREwtMDh6Q1U4NkJpakY3aXNJb3NPMmt4OHpuS1hqTDJKMGhtblk4THpiMHdjdUpobFdXVHFwOFo1X3hWY1ljdWQ1MWI1dmM2d2JmVzVNMF9SVVU2WWNmWG90LWhfLVIwRGZjSEdiYUZBdGJsRFFrWHp2NHlLS0xDVWJzYzBn?oc=5,2026-03-18T19:26:56
CL-000044,INCIDENT,SP-004,OUTAGE_NETWORK,network,Transportation & Logistics,2026-02-10,2026-02-10,"EV-1611337CA0,EV-1611337CA0",2,EV-1611337CA0,news,Medium,,outage,OUTAGE_NETWORK affecting network in Transportation & Logistics.,0.75,Yahoo Finance,https://news.google.com/rss/articles/CBMiiAFBVV95cUxPdTRkZ1F6T0hubEQtYWVMa2txMWYtbUN3eVVCcy1pVU0yR1VxOEgxa241ZFFCcVJQaEpXSzRTN01fVzViQnNJamdsUldXOVR0WjMyTGx3QXNGUU9tcXc2VlVjOGNrdDJubFFLMTVHR0JFYUxaaUcxQ05ucmQxMElRNGNHRW5oakVJ?oc=5,2026-03-18T19:26:56
CL-000045,INCIDENT,SP-008,SECURITY_BREACH,UNKNOWN,Vendor Risk,2026-02-10,2026-02-10,"EV-E7DBD3E3A8,EV-E7DBD3E3A8",2,EV-E7DBD3E3A8,news,Medium,,breach,SECURITY_BREACH affecting UNKNOWN in Vendor Risk.,0.75,SC Media,https://news.google.com/rss/articles/CBMiqAFBVV95cUxNOTNfSTFNMTRQV0FZV3FKRFB6QWJBbkVYWi1UX0llS2o0dWxZVGhWNGJKb1hLeXJjRG5qSlF4T2ZFd2ZVMDZWR1AzeDhzS3lYLVpaY0lxYllNZTgtR3lIQU9WNGZSVTlCY1FLMTdiRXhyTDIwczdaRGJfMjFLQVBTcGl0di1UT0JnRk41eVpqYmxVcDF1SVFzdzJnbkIyTURtekFYTjh2cF8?oc=5,2026-03-18T19:26:56
CL-000046,INCIDENT,SP-008,SECURITY_BREACH,UNKNOWN,Vendor Risk,2026-02-17,2026-02-17,"EV-95E4B4EA49,EV-95E4B4EA49,EV-95E4B4EA49",3,EV-95E4B4EA49,news,Strong,,"breach,leak",SECURITY_BREACH affecting UNKNOWN in Vendor Risk.,0.75,Rescana,https://news.google.com/rss/articles/CBMixwFBVV95cUxPOGNTeU54eWRUYVR1c2pjaklHZUFucDQyVlcycjVsTnN2d213MDNySWVwM3JyZ19YR3hRMGRVVi1QSlZ5eVdDY212TzNZTTRJTW9kelhzNmxZamRubTUwc3Q4Q3FBNnJCRnNNcEdZQTd0bGdMWExONER0SDVGMUVkUXRLX1B5MnFES050SzY5ZEdxOFVLbzM4S2szZjJNakQ1a0RMMlh4SldJeXhudVA0TWR0a3A2VnV3dlJ3Zzg3enMyMmNBdUdR?oc=5,2026-03-18T19:26:56
CL-000047,INCIDENT,SP-008,SECURITY_BREACH,UNKNOWN,Vendor Risk,2026-02-23,2026-02-23,"EV-12F3E0EB27,EV-12F3E0EB27",2,EV-12F3E0EB27,news,Medium,,breach,SECURITY_BREACH affecting UNKNOWN in Vendor Risk.,0.75,Restaurant Business,https://news.google.com/rss/articles/CBMiogFBVV95cUxNVXVZNURPX1hzQVliWVFqem4xVXlLRUZOSzcxR0VvSXlYemliXzJlVVN1aUkxeVRsRzh3eThQcS1YNVdkZGQwNkprU2IyMDBVTFhXU19uV08za25aMTY1YlR6R2ZJOEt1eFVpeFpiSGhzeXlwWUFoSTRNOHBJYjBxdndMdmFKcklXVFNTaV83b0I5dy11bHhiVS15dVNFQmR1eFE?oc=5,2026-03-18T19:26:56
CL-000048,INCIDENT,SP-008,SECURITY_BREACH,UNKNOWN,Vendor Risk,2026-02-27,2026-02-27,EV-4E180E1573,1,EV-4E180E1573,news,Weak,,breach,SECURITY_BREACH affecting UNKNOWN in Vendor Risk.,0.75,TechRepublic,https://news.google.com/rss/articles/CBMihgFBVV95cUxPZGRwb1JZRkxZS2FfUUtNTE95d0FSQWtIZTVPMklZbWpmQUJsbndsMl9DRWdaTENQd19lc3lrSktON18yc3REdGJoR2lZMVZVV2I3amd2QjBlcDFhMzRPOWZUVF82WWxyaWZZbldkOXdjMU1zYUpmYkxGUk5Wa0F4Ylo4bVNGdw?oc=5,2026-03-18T19:26:56
CL-000049,INCIDENT,SP-010,OUTAGE_CLOUD_REGION,cloud,Physical Infrastructure,2026-03-01,2026-03-01,"EV-A5BD9B4911,EV-A5BD9B4911",2,EV-A5BD9B4911,news,Medium,,outage,OUTAGE_CLOUD_REGION affecting cloud in Physical Infrastructure.,0.75,Bloomberg.com,https://news.google.com/rss/articles/CBMisgFBVV95cUxNSVBlSVU3N01mZHQ1ZFRYVjlkaTQ1Z1BiUTNiV29mXzVqVkExbUZyUVhQYWlLMExkZ1R5NHdDcS1xcE1lbi1xcE16UF9tNy1xMVljOTlHQ2pGLVA5SW4zV3pQU2ZxU3ZaaVg3ck5pOGtuM3V5M1BnMzI3UzJrWm9zODllcURPTF9LMURMQnhFWG9sZmtYeEhCT0xuVWhsY2hGQWFHdTh1d18wYkY4cGh5ZnZn?oc=5,2026-03-18T19:26:56
CL-000050,INCIDENT,SP-010,OUTAGE_CLOUD_REGION,region,Physical Infrastructure,2026-03-02,2026-03-02,"EV-D290356B1D,EV-D290356B1D",2,EV-D290356B1D,news,Medium,,outage,OUTAGE_CLOUD_REGION affecting region in Physical Infrastructure.,0.75,TechRadar,https://news.google.com/rss/articles/CBMiqwFBVV95cUxOSEFWVVptQ3VLVFloYUd0Y240UThEX2FLVk1Yd1hWRlFXMjNEMDN2bWpBdy1VQ3V6QzQwUlVnYnNITndOcUhGNFdXT1NSVlN3dHNnb0IxdVhlM25HeV9WdnNId2Eya015Y2JmQkpXOXFBSFdwZm9hTVc3ZjA1NEZYX2x2YmpDT0diWnRGdVNtMGg4ZUt5Nkd5TVJzNUVYZWJXUFpzMDQ4cFhxSm8?oc=5,2026-03-18T19:26:56
CL-000051,INCIDENT,SP-007,SECURITY_RANSOMWARE,UNKNOWN,Cybersecurity,2026-03-09,2026-03-09,"EV-05772ECB78,EV-05772ECB78",2,EV-05772ECB78,news,Medium,,ransomware,SECURITY_RANSOMWARE affecting UNKNOWN in Cybersecurity.,0.75,Insurance Business,https://news.google.com/rss/articles/CBMixgFBVV95cUxOdEZuSGZJX000T0FXbE1XQjkyX29EQUViRHAwMUJmcHJrZXlENFY2WWFhRHMxT0VwYkFmNURjaGJ0QlVUQUxaNEtHZjFiT3RVQ1hGSnBJdTJfZzV0VXB0VlpDRmVjTGZ4d2lSd0U1UWhPemNJYzE5N1JjNjBwZUFPUXV3RTFQTE84eWdldk1yVXVSN2JOZVlON0hTMWxyMFhkTlI5ODZCMVRrTHlUUGMzblJhTWFMLUVHdndQU2JpMUpKdnBNbEE?oc=5,2026-03-18T19:26:56
CL-000052,INCIDENT,SP-008,SECURITY_BREACH,UNKNOWN,Vendor Risk,2026-03-09,2026-03-09,"EV-04D69EA898,EV-04D69EA898",2,EV-04D69EA898,news,Medium,,breach,SECURITY_BREACH affecting UNKNOWN in Vendor Risk.,0.75,BleepingComputer,https://news.google.com/rss/articles/CBMirgFBVV95cUxOMXF2cnBhSkQ5SHNUc0R4dkFwem9KOG84TnFxV0daWm95TE1lTURYSWZvTDVvajRLNVNfZFlZVDhTTnluYTdmVTFmQTZBZzgyTlQxcGFqY3dSekVuX1hvUmhnaVlQQk9UeUxXQno5V2RHLWRDVDRLYVlxbHBzLUpUUzRVSThoM0R6WjRoSVZHbFhjaVdzMHN4M2VYeUc2S0VHbEtKTEtNZ1lGZWp0RWfSAbMBQVVfeXFMTUE3eHBZUmhvTy1xenFJOW9UYjVuaWltdWFyRGhrTU1WMWNWTDBCcXJxZXBYRmU2ODl3LXpuVmgwbmlIUzFiRWJBTUd5OTYzTHhnenBmSzNQOThyVmx3UWM0ai05RXpRUTVPLThESGliaWdDenUtQ2lCWS1lN05YTWV5UEo5OUlka0M1d2lucy1yeEp0dmZWOEZaWk1qdVZIR2NWcTZaQ3AwWmxKWUlWWlNfeFE?oc=5,2026-03-18T19:26:56
CL-000053,INCIDENT,SP-008,SECURITY_BREACH,UNKNOWN,Vendor Risk,2026-03-09,2026-03-09,"EV-255BEB3017,EV-255BEB3017",2,EV-255BEB3017,news,Medium,,breach,SECURITY_BREACH affecting UNKNOWN in Vendor Risk.,0.75,crn.com,https://news.google.com/rss/articles/CBMiswFBVV95cUxPZ1dyNWxOYWJTbVBqU2dtU0N2U3pDYXlfM2VxNUZKaDE5SnphMEdzQVdwc0NPcWxiNlBBNWNCeWJtYUZmeFEzRDZUTThCSWRySExybWxQQ21fNUFXcFM5N1hPU2o2cXQ4RzVFNG5Ic1Niaml3cFdWZ3NlcUFPUEVpcUlzcDdjdi13dTlFM3dZOGJ1MmxFd1d4cXpSRmpaVDk3d0NnS01MVnBobktHeERJeTE1Zw?oc=5,2026-03-18T19:26:56
CL-000054,INCIDENT,SP-005,UNKNOWN,cloud,Cloud Infrastructure,2026-03-10,2026-03-10,"EV-EC625C40BA,EV-EC625C40BA",2,EV-EC625C40BA,news,Medium,,,UNKNOWN affecting cloud in Cloud Infrastructure.,0.75,The Conversation,https://news.google.com/rss/articles/CBMipgFBVV95cUxQaXZKa0JDTHJkS1QyS3IwMkRGb0I2bmFSUU04YkVGUVE4Rk9SMXRTcGdtOUhGSkk0bnFTSWhzWmZQT2RLQTVvQllVZEFKeVJkZ1M2RVRoY1hvMEo4SmFxeUlPZFNUOHJNanhtejZSalNlQ3o0OXIycjNLMXQ5R2xvM2xlTEhpQ3hCQlU2SUtLZmhhNXRnSUJodVNZUTVqZVdhNFFOUFVB?oc=5,2026-03-18T19:26:56
CL-000055,INCIDENT,SP-008,SECURITY_BREACH,UNKNOWN,Vendor Risk,2026-03-10,2026-03-10,"EV-3897261118,EV-3897261118",2,EV-3897261118,news,Medium,,breach,SECURITY_BREACH affecting UNKNOWN in Vendor Risk.,0.75,theregister.com,https://news.google.com/rss/articles/CBMigwFBVV95cUxPRTFneExPU0UxcHFyRl82LWsyMVNVRTdJaGJ6U1dXLVdiSWhHN29jaWtZY2hmajVwWHJscHRJS1piMk15MGpNREQ2elJWZ2pFaVFabmNNOGRpS0hUNm1FRDRtTnZSTE82eDNmWC1uc3lqVXJMOHl3SHdqSHNtdFZBQnlMMA?oc=5,2026-03-18T19:26:56
CL-000056,INCIDENT,SP-006,OUTAGE_APPLICATION,UNKNOWN,Identity & Access Management,2026-03-11,2026-03-11,"EV-BCBFD1E7DB,EV-BCBFD1E7DB",2,EV-BCBFD1E7DB,news,Medium,,"disruption,outage",OUTAGE_APPLICATION affecting UNKNOWN in Identity & Access Management.,0.75,CyberSecurityNews,https://news.google.com/rss/articles/CBMikgFBVV95cUxONzRadGVPeFowdk9CQVUtXzZnbWVSTGU3QjM1WFBRQ19KVlFneUx0cmU2S1RQV0ZRRVI2aEcxUWlBQ0s5d1diUXlVRjNrV193Qk0xdXVpckh2SDdhSnRUTndIR2lGc0p6WWlzN3VocEZZLU1hWEU0UDU2Y1BhVlhmOGxPVVFoNndIX1ZTbERuaVBHQQ?oc=5,2026-03-18T19:26:56
CL-000057,INCIDENT,SP-014,OUTAGE_APPLICATION,UNKNOWN,IT Operations,2026-03-11,2026-03-11,EV-83AE99A21B,1,EV-83AE99A21B,news,Weak,,outage,OUTAGE_APPLICATION affecting UNKNOWN in IT Operations.,0.75,Newsweek,https://news.google.com/rss/articles/CBMif0FVX3lxTE8xUk53RXJXQWFvSFp0UXk2SFFYdEZSbC14Qm8yRTl3VFlwV0JnMDRhbzZHelFmRzBaR3RQdXJjb1VvS2ExRGk3UUZ1R0hLNEk3VVJKSkZTdEFwUWdETEp3VS14NUxnYzh0OW5nM256UnpETmdUWUh6bW9XUTNxc0k?oc=5,2026-03-18T19:26:56
CL-000058,INCIDENT,SP-014,CYBER_OPERATIONAL_DISRUPTION,UNKNOWN,IT Operations,2026-03-12,2026-03-12,"EV-B38B86E435,EV-F8AC822EA8",2,EV-B38B86E435,news,Medium,,disruption,CYBER_OPERATIONAL_DISRUPTION affecting UNKNOWN in IT Operations.,0.75,WSJ,https://news.google.com/rss/articles/CBMiowNBVV95cUxNelB1UFNjRFBNa2ZoNGkyOFQzU0I5UmwycjBJWHhlMGdGeFZiRUNjZThac0lXck54ekI5QW5BNklEMktodWZWbTJ5azNxV00zdVVjNDBadTZHcWN1c0VITVphMHJBUkRhNFVLT2g0bERYbGtLX0FiT3pBbzNnNDQ2ZFp2Z28tc3hRTlo1V1FSTVhsYWstOFBpeU53NlpFSWdUdWN2dmxpVnFlRUZGcjJTazdwNFpZd2pCcFhkTGtXWVRPY0FjYVJyT2xKS05HT3QxV2NMR3ZZWEJsb2ZpWVlsamZzYm1PX09QWHhtczFnbFpjTWpKMktmcVhqT2psZXJHMHNUMHliSnVvc1dJNmZpMElkU3FXdEFkbXhETW03NE1PazlKTEhIcTg2UlF2MFZqaWMyUFpmd2liOVVTZ1hHYlZ4WTMyXzlFU3djTm5YM0Y0OHl0TDBiMEFTbTIxV29teS1VdENlRkNwVjBhRFE2T01kbkNseGZYYkxEdlQ4b2M3NWNQV0dMeGVKUDl0ME5XSF9vQVZaQlVieTdYNmE4alNwNA?oc=5,2026-03-18T19:26:56
CL-000059,INCIDENT,SP-008,SECURITY_BREACH,UNKNOWN,Vendor Risk,2026-03-13,2026-03-13,"EV-7C37BAAE67,EV-7C37BAAE67",2,EV-7C37BAAE67,news,Medium,,breach,SECURITY_BREACH affecting UNKNOWN in Vendor Risk.,0.75,The HIPAA Journal,https://news.google.com/rss/articles/CBMiqAFBVV95cUxOOUFWT3U4eDlwYmphMl9oSHF1QmJYcXFzVDRUMEptOEt0bmRTcnBpQ2Y2VW12OENic01sdUh4TFBKWjdfX1pCcVNyOHhsenZGME4xaTZyTTFVSlNiNTIzVTlqa05odmxQb2FDVzNXR0F4T3hfaElPMllkN2o5TnR4UWM4Sk1FT0VuUlFLMDdnNDNmVHFEeENic2QtR2ZfTUlQb0NNaFVnaTQ?oc=5,2026-03-18T19:26:56
CL-000060,INCIDENT,SP-008,SECURITY_BREACH,UNKNOWN,Vendor Risk,2026-03-13,2026-03-13,"EV-94A512BB71,EV-94A512BB71",2,EV-94A512BB71,news,Medium,,leak,SECURITY_BREACH affecting UNKNOWN in Vendor Risk.,0.75,eSecurity Planet,https://news.google.com/rss/articles/CBMiaEFVX3lxTFBQcnNKYXJMUmRkdHVDTGVhV2ZlalZ3SkpkQjhkbGVkU0dDRjIwU3FVR1kzSDNHblltS2YxYWNkZF9UNGdRc01HSGlIdjFUNG1Ha2JXd1U1anRLTEt0bi1xLXhfSVlxanVY?oc=5,2026-03-18T19:26:56
CL-000061,INCIDENT,SP-012,UNKNOWN,zone,Procurement & Supply Chain,2026-03-15,2026-03-15,EV-E3DDCB9FF9,1,EV-E3DDCB9FF9,news,Weak,,disruption,UNKNOWN affecting zone in Procurement & Supply Chain.,0.65,MSN,https://news.google.com/rss/articles/CBMiwwFBVV95cUxOMVUyd1JrNTZ5YXAtTVhKRW5mem15NDFReExkYkE5MTQwa2JPdmlRLUpRcVpPZU9tWDJRZ3hLMVhZZXJ1Wmk1amVUN2Z5bWtFcE5KSENRRFptS3NwU0ZOMHhHMVo5UFU5dTZlZndiNGRFNHMxcW1xdmxhaldsd2ZPUXp1VzBtVjVPRWNXYk9Ta2ZhbzhJMmFhai1xcV9oM3hDSW9RV3ZhdzJkMHQ4X052LXNrMWE3VUlUcmFJc3RHOFMzN1k?oc=5,2026-03-18T19:26:56
CL-000062,INCIDENT,SP-005,OUTAGE_NETWORK,network,Cloud Infrastructure,2026-03-17,2026-03-17,"EV-B371AE0584,EV-B371AE0584",2,EV-B371AE0584,news,Medium,,outage,OUTAGE_NETWORK affecting network in Cloud Infrastructure.,0.75,Network World,https://news.google.com/rss/articles/CBMipAFBVV95cUxQV0JCRjM1ZUF6c2NhUDJ4LTFrVEl4blBFb0dFRk9paE5tZnc2ZUNaU28xdnJ3bVhjYzg4WFEteWl2NUIyRkFCd1diTWJxeHhDQUFNOXpDc2NWUC0wSHkwOUVfT2Rma2pxNzZsUUJ4LWhwc1h1MjJpQkxzbUdXTzc1SXhidU9PVVNtYUNtbTFHWHpBeUxQYnVpWGJZUWdJRm9fSllCMg?oc=5,2026-03-18T19:26:56
CL-000063,INCIDENT,SP-008,SECURITY_BREACH,UNKNOWN,Vendor Risk,2026-03-17,2026-03-17,"EV-8BE8BF4D2A,EV-8BE8BF4D2A",2,EV-8BE8BF4D2A,news,Medium,,breach,SECURITY_BREACH affecting UNKNOWN in Vendor Risk.,0.75,The HIPAA Journal,https://news.google.com/rss/articles/CBMihgFBVV95cUxQNG1aaEdaQVVIVkM4TzdrUnhFaFRrYWJvOTU2MXV1bVN6WDFDRkR4eHJ5Sy1FOFhpZkkyak5WWHpIVVh0NmdqRWQ3S0ZkSDI3OUcteUlZY2pfRkRHNU9oV1NucC1VUHN6ekdoMWNDeUlpWllRdkNzM0xMalY0SlNaZEo2VkRqZw?oc=5,2026-03-18T19:26:56
