risk_id,cluster_id,event_type,primary_asset_or_service,evidence_ids,title,risk_category,business_function,assets_or_services,scenario,evidence_strength,likelihood_baseline,impact_baseline,risk_score_baseline,internal_signals_used,internal_outage_refs,likelihood_adjusted,impact_adjusted,risk_score_adjusted,confidence,availability_impact,financial_impact,regulatory_impact,reputation_impact,safety_impact,impact_narrative,existing_controls,control_gaps,recommended_actions,framework_mapping,owner_suggested,score_rationale,executive_summary,last_updated
RISK-SECURITY_RANSOMWARE-UNKNOWN-B3810008,CL-000001,SECURITY_RANSOMWARE,UNKNOWN,"EV-2A849415F5,EV-2A849415F5,EV-2A849415F5,EV-2A849415F5",Ransomware disrupts operations and recovery capabilities,Cyber,Cybersecurity,UNKNOWN,"If ransomware compromises critical systems, operations may halt and recovery timelines may increase due to containment, restoration, and validation needs.",Strong,3,5,15,True,INC-0006,4.0,5.0,20.0,High,5,4,3,4,1,"SECURITY_RANSOMWARE affecting UNKNOWN can disrupt Cybersecurity, causing operational delays and recovery complications.",,,Harden privileged access | Immutable backups + frequent restore testing | Improve incident response playbooks,NIST IR-4; NIST CP-9; NIST AC-2,,"Derived from incident cluster CL-000001. Evidence strength=Strong, evidence_count=4, confidence=Medium. Baseline likelihood/impact assigned using deterministic rubric for SECURITY_RANSOMWARE. Internal enrichment: matched_outages_last_365d=1, sev1/high/critical=1, refs=INC-0006.",Risk signal (Strong): SECURITY_RANSOMWARE affecting UNKNOWN in Cybersecurity. Evidence window: 2025-05-13 to 2025-05-13 across 4 source(s). Representative sources: How Interlock Ransomware Affects the Defense Industrial Base Supply Chain - Resecurity | How Interlock Ransomware Affects the Defense Industrial Base Supply Chain - Resecurity,2026-03-18T19:26:57
RISK-SECURITY_BREACH-UNKNOWN-3FD148F9,CL-000002,SECURITY_BREACH,UNKNOWN,"EV-B5C74B6E25,EV-B5C74B6E25",Third-party breach increases data exposure and compliance risk,Cyber,Cybersecurity,UNKNOWN,"If a third-party breach exposes sensitive data, the organization may face regulatory reporting obligations, financial losses, and reputational harm.",Medium,3,4,12,True,INC-0006,4.0,5.0,20.0,High,2,4,5,4,1,"SECURITY_BREACH affecting UNKNOWN can disrupt Cybersecurity, causing operational delays and recovery complications.",,,Strengthen third-party security requirements | Improve monitoring/detection | Review data minimization and access controls,NIST AC-3; NIST SI-4; NIST SA-9,,"Derived from incident cluster CL-000002. Evidence strength=Medium, evidence_count=2, confidence=Medium. Baseline likelihood/impact assigned using deterministic rubric for SECURITY_BREACH. Internal enrichment: matched_outages_last_365d=1, sev1/high/critical=1, refs=INC-0006.",Risk signal (Medium): SECURITY_BREACH affecting UNKNOWN in Cybersecurity. Evidence window: 2025-05-20 to 2025-05-20 across 2 source(s). Representative sources: Cyber Breach Disrupts Supply Chains of Major UK Supermarkets - Procurement Magazine | Cyber Breach Disrupts Supply Chains of Major UK Supermarkets - Procurement Magazine,2026-03-18T19:26:57
RISK-OUTAGE_NETWORK-NETWORK-ED8652FB,CL-000003,OUTAGE_NETWORK,network,EV-452E5B2938,Network outage disrupts connectivity to critical services,Technology,Network Infrastructure,network,"If core network connectivity fails, users and systems may lose access to critical services, disrupting operations and recovery actions.",Weak,2,4,8,True,INC-0004,3.0,5.0,15.0,Medium,5,3,2,3,1,"OUTAGE_NETWORK affecting network can disrupt Network Infrastructure, causing operational delays and recovery complications.",,,Increase network redundancy | Improve failover testing | Add synthetic monitoring for critical paths,NIST CP-2; NIST SC-5; ISO22301 8.4,,"Derived from incident cluster CL-000003. Evidence strength=Weak, evidence_count=1, confidence=Low. Baseline likelihood/impact assigned using deterministic rubric for OUTAGE_NETWORK. Internal enrichment: matched_outages_last_365d=1, sev1/high/critical=1, refs=INC-0004.",Risk signal (Weak): OUTAGE_NETWORK affecting network in Network Infrastructure. Evidence window: 2025-07-25 to 2025-07-25 across 1 source(s). Representative sources: SpaceX probes for cause of Starlink's global satellite network outage - Reuters,2026-03-18T19:26:57
RISK-OUTAGE_IDENTITY-AUTHENTICATION-C4423542,CL-000004,OUTAGE_IDENTITY,authentication,"EV-043E09E3F8,EV-043E09E3F8",Centralized identity/SSO outage disrupts workforce access,Technology,Identity & Access Management,authentication,"If centralized identity services are unavailable, users cannot authenticate to critical systems, causing access disruption and operational delays.",Medium,3,4,12,True,INC-0001,4.0,5.0,20.0,High,5,3,2,3,1,"OUTAGE_IDENTITY affecting authentication can disrupt Identity & Access Management, causing operational delays and recovery complications.",,,Implement break-glass access for critical systems | Add synthetic login monitoring | Test alternate authentication paths regularly,NIST IA-2; NIST CP-2; ISO22301 8.4,,"Derived from incident cluster CL-000004. Evidence strength=Medium, evidence_count=2, confidence=Medium. Baseline likelihood/impact assigned using deterministic rubric for OUTAGE_IDENTITY. Internal enrichment: matched_outages_last_365d=1, sev1/high/critical=1, refs=INC-0001.",Risk signal (Medium): OUTAGE_IDENTITY affecting authentication in Identity & Access Management. Evidence window: 2025-08-12 to 2025-08-12 across 2 source(s). Representative sources: IBM Cloud hit by fourth major outage since May as authentication failures expose systemic issues - Network World | IBM Cloud hit by fourth major outage since May as authentication failures expose systemic issues - Network World,2026-03-18T19:26:57
RISK-OUTAGE_NETWORK-NETWORK-ED8652FB,CL-000005,OUTAGE_NETWORK,network,"EV-B43901EC9F,EV-B43901EC9F",Network outage disrupts connectivity to critical services,Technology,Network Infrastructure,network,"If core network connectivity fails, users and systems may lose access to critical services, disrupting operations and recovery actions.",Medium,3,4,12,True,INC-0004,4.0,5.0,20.0,High,5,3,2,3,1,"OUTAGE_NETWORK affecting network can disrupt Network Infrastructure, causing operational delays and recovery complications.",,,Increase network redundancy | Improve failover testing | Add synthetic monitoring for critical paths,NIST CP-2; NIST SC-5; ISO22301 8.4,,"Derived from incident cluster CL-000005. Evidence strength=Medium, evidence_count=2, confidence=Medium. Baseline likelihood/impact assigned using deterministic rubric for OUTAGE_NETWORK. Internal enrichment: matched_outages_last_365d=1, sev1/high/critical=1, refs=INC-0004.",Risk signal (Medium): OUTAGE_NETWORK affecting network in Network Infrastructure. Evidence window: 2025-08-20 to 2025-08-20 across 2 source(s). Representative sources: Statewide network outage disrupts essential services across South Dakota - KOTA Territory News | Statewide network outage disrupts essential services across South Dakota - KOTA Territory News,2026-03-18T19:26:57
RISK-OUTAGE_APPLICATION-UNKNOWN-FEB563D0,CL-000006,OUTAGE_APPLICATION,UNKNOWN,"EV-962567601C,EV-962567601C",Critical application outage disrupts business operations,Technology,Order Processing,UNKNOWN,"If a critical application becomes unavailable, dependent business processes are disrupted, increasing delays and manual workarounds.",Medium,3,4,12,True,INC-0002,4.0,4.0,16.0,High,5,3,2,3,1,"OUTAGE_APPLICATION affecting UNKNOWN can disrupt Order Processing, causing operational delays and recovery complications.",,,Add high-availability design or failover | Improve monitoring and alerting | Validate recovery procedures through tests,NIST CP-2; NIST CP-10; ISO22301 8.4,,"Derived from incident cluster CL-000006. Evidence strength=Medium, evidence_count=2, confidence=Medium. Baseline likelihood/impact assigned using deterministic rubric for OUTAGE_APPLICATION. Internal enrichment: matched_outages_last_365d=1, sev1/high/critical=1, refs=INC-0002.","Risk signal (Medium): OUTAGE_APPLICATION affecting UNKNOWN in Order Processing. Evidence window: 2025-08-28 to 2025-08-28 across 2 source(s). Representative sources: Managing time and attendance: Update to Kronos transition plan, system outage scheduled - Clemson News | Managing time and attendance: Update to Kronos transition plan, system outage scheduled - Clemson News",2026-03-18T19:26:57
RISK-CYBER_OPERATIONAL_DISRUPTION-UNKNOWN-29F36C0D,CL-000007,CYBER_OPERATIONAL_DISRUPTION,UNKNOWN,EV-56E6C145FD,CYBER_OPERATIONAL_DISRUPTION risk affects IT Operations,Technology,IT Operations,UNKNOWN,"If CYBER_OPERATIONAL_DISRUPTION occurs, IT Operations may be disrupted.",Weak,2,3,6,False,,,,,Low,4,3,2,3,1,"CYBER_OPERATIONAL_DISRUPTION affecting UNKNOWN can disrupt IT Operations, causing operational delays and recovery complications.",,,Review controls and implement appropriate mitigations,,,"Derived from incident cluster CL-000007. Evidence strength=Weak, evidence_count=1, confidence=Low. Baseline likelihood/impact assigned using deterministic rubric for CYBER_OPERATIONAL_DISRUPTION.",Risk signal (Weak): CYBER_OPERATIONAL_DISRUPTION affecting UNKNOWN in IT Operations. Evidence window: 2025-09-07 to 2025-09-07 across 1 source(s). Representative sources: Disruption to Jaguar Land Rover after cyber-attack may last until October - The Guardian,2026-03-18T19:26:57
RISK-OUTAGE_APPLICATION-UNKNOWN-FD599B62,CL-000008,OUTAGE_APPLICATION,UNKNOWN,"EV-8614801AD0,EV-8614801AD0",Critical application outage disrupts business operations,Technology,IT Operations,UNKNOWN,"If a critical application becomes unavailable, dependent business processes are disrupted, increasing delays and manual workarounds.",Medium,3,4,12,False,,,,,Medium,5,3,2,3,1,"OUTAGE_APPLICATION affecting UNKNOWN can disrupt IT Operations, causing operational delays and recovery complications.",,,Add high-availability design or failover | Improve monitoring and alerting | Validate recovery procedures through tests,NIST CP-2; NIST CP-10; ISO22301 8.4,,"Derived from incident cluster CL-000008. Evidence strength=Medium, evidence_count=2, confidence=Medium. Baseline likelihood/impact assigned using deterministic rubric for OUTAGE_APPLICATION.","Risk signal (Medium): OUTAGE_APPLICATION affecting UNKNOWN in IT Operations. Evidence window: 2025-09-17 to 2025-09-17 across 2 source(s). Representative sources: Jaguar Land Rover cyberattack deepens, with prolonged production outage, supply chain fallout - Industrial Cyber | Jaguar Land Rover cyberattack deepens, with prolonged production outage, supply chain fallout - Industrial Cyber",2026-03-18T19:26:57
RISK-CYBER_OPERATIONAL_DISRUPTION-UNKNOWN-29F36C0D,CL-000009,CYBER_OPERATIONAL_DISRUPTION,UNKNOWN,EV-6D71DA62F2,CYBER_OPERATIONAL_DISRUPTION risk affects IT Operations,Technology,IT Operations,UNKNOWN,"If CYBER_OPERATIONAL_DISRUPTION occurs, IT Operations may be disrupted.",Weak,2,3,6,False,,,,,Low,4,3,2,3,1,"CYBER_OPERATIONAL_DISRUPTION affecting UNKNOWN can disrupt IT Operations, causing operational delays and recovery complications.",,,Review controls and implement appropriate mitigations,,,"Derived from incident cluster CL-000009. Evidence strength=Weak, evidence_count=1, confidence=Low. Baseline likelihood/impact assigned using deterministic rubric for CYBER_OPERATIONAL_DISRUPTION.","Risk signal (Weak): CYBER_OPERATIONAL_DISRUPTION affecting UNKNOWN in IT Operations. Evidence window: 2025-09-20 to 2025-09-20 across 1 source(s). Representative sources: European airports snarled by cyberattack, disruption to stretch into Sunday - Reuters",2026-03-18T19:26:57
RISK-SECURITY_BREACH-UNKNOWN-BBF98AB6,CL-000010,SECURITY_BREACH,UNKNOWN,EV-D10A03F6C6,Third-party breach increases data exposure and compliance risk,Cyber,Vendor Risk,UNKNOWN,"If a third-party breach exposes sensitive data, the organization may face regulatory reporting obligations, financial losses, and reputational harm.",Weak,2,4,8,False,,,,,Medium,2,4,5,4,1,"SECURITY_BREACH affecting UNKNOWN can disrupt Vendor Risk, causing operational delays and recovery complications.",,,Strengthen third-party security requirements | Improve monitoring/detection | Review data minimization and access controls,NIST AC-3; NIST SI-4; NIST SA-9,,"Derived from incident cluster CL-000010. Evidence strength=Weak, evidence_count=1, confidence=Medium. Baseline likelihood/impact assigned using deterministic rubric for SECURITY_BREACH.",Risk signal (Weak): SECURITY_BREACH affecting UNKNOWN in Vendor Risk. Evidence window: 2025-10-07 to 2025-10-07 across 1 source(s). Representative sources: Discord Reveals Data Breach Following Third-Party Compromise - Infosecurity Magazine,2026-03-18T19:26:57
RISK-SECURITY_BREACH-UNKNOWN-BBF98AB6,CL-000011,SECURITY_BREACH,UNKNOWN,EV-302272D3FE,Third-party breach increases data exposure and compliance risk,Cyber,Vendor Risk,UNKNOWN,"If a third-party breach exposes sensitive data, the organization may face regulatory reporting obligations, financial losses, and reputational harm.",Weak,2,4,8,False,,,,,Medium,2,4,5,4,1,"SECURITY_BREACH affecting UNKNOWN can disrupt Vendor Risk, causing operational delays and recovery complications.",,,Strengthen third-party security requirements | Improve monitoring/detection | Review data minimization and access controls,NIST AC-3; NIST SI-4; NIST SA-9,,"Derived from incident cluster CL-000011. Evidence strength=Weak, evidence_count=1, confidence=Medium. Baseline likelihood/impact assigned using deterministic rubric for SECURITY_BREACH.",Risk signal (Weak): SECURITY_BREACH affecting UNKNOWN in Vendor Risk. Evidence window: 2025-10-07 to 2025-10-07 across 1 source(s). Representative sources: Discord warns users after data stolen in third-party breach - Malwarebytes,2026-03-18T19:26:57
RISK-SECURITY_RANSOMWARE-UNKNOWN-B3810008,CL-000012,SECURITY_RANSOMWARE,UNKNOWN,EV-52E1DB27D9,Ransomware disrupts operations and recovery capabilities,Cyber,Cybersecurity,UNKNOWN,"If ransomware compromises critical systems, operations may halt and recovery timelines may increase due to containment, restoration, and validation needs.",Weak,2,5,10,True,INC-0006,3.0,5.0,15.0,High,5,4,3,4,1,"SECURITY_RANSOMWARE affecting UNKNOWN can disrupt Cybersecurity, causing operational delays and recovery complications.",,,Harden privileged access | Immutable backups + frequent restore testing | Improve incident response playbooks,NIST IR-4; NIST CP-9; NIST AC-2,,"Derived from incident cluster CL-000012. Evidence strength=Weak, evidence_count=1, confidence=Medium. Baseline likelihood/impact assigned using deterministic rubric for SECURITY_RANSOMWARE. Internal enrichment: matched_outages_last_365d=1, sev1/high/critical=1, refs=INC-0006.","Risk signal (Weak): SECURITY_RANSOMWARE affecting UNKNOWN in Cybersecurity. Evidence window: 2025-10-08 to 2025-10-08 across 1 source(s). Representative sources: Asahi Group Holdings Ransomware Attack 2025: Digital Order System Disrupted, Nationwide Beer Shortage in Japan - Rescana",2026-03-18T19:26:57
RISK-OUTAGE_NETWORK-NETWORK-ED8652FB,CL-000013,OUTAGE_NETWORK,network,"EV-B0669977DC,EV-B0669977DC",Network outage disrupts connectivity to critical services,Technology,Network Infrastructure,network,"If core network connectivity fails, users and systems may lose access to critical services, disrupting operations and recovery actions.",Medium,3,4,12,True,INC-0004,4.0,5.0,20.0,High,5,3,2,3,1,"OUTAGE_NETWORK affecting network can disrupt Network Infrastructure, causing operational delays and recovery complications.",,,Increase network redundancy | Improve failover testing | Add synthetic monitoring for critical paths,NIST CP-2; NIST SC-5; ISO22301 8.4,,"Derived from incident cluster CL-000013. Evidence strength=Medium, evidence_count=2, confidence=Medium. Baseline likelihood/impact assigned using deterministic rubric for OUTAGE_NETWORK. Internal enrichment: matched_outages_last_365d=1, sev1/high/critical=1, refs=INC-0004.",Risk signal (Medium): OUTAGE_NETWORK affecting network in Network Infrastructure. Evidence window: 2025-10-13 to 2025-10-13 across 2 source(s). Representative sources: Verizon Wireless Network Outage Affects a Number of U.S. Cities - Inside Towers | Verizon Wireless Network Outage Affects a Number of U.S. Cities - Inside Towers,2026-03-18T19:26:57
RISK-OUTAGE_CLOUD_REGION-CLOUD-B5107001,CL-000014,OUTAGE_CLOUD_REGION,cloud,"EV-D4AA0C97C8,EV-D4AA0C97C8",Cloud region outage disrupts hosted workloads,Technology,Cloud Infrastructure,cloud,"If a cloud region becomes unavailable, dependent applications may experience outages until failover or recovery is completed.",Medium,3,4,12,True,INC-0005,4.0,5.0,20.0,High,5,4,2,3,1,"OUTAGE_CLOUD_REGION affecting cloud can disrupt Cloud Infrastructure, causing operational delays and recovery complications.",,,Implement multi-region failover for critical services | Run regional outage game days | Validate recovery runbooks,NIST CP-10; NIST CP-2; ISO22301 8.4,,"Derived from incident cluster CL-000014. Evidence strength=Medium, evidence_count=2, confidence=Medium. Baseline likelihood/impact assigned using deterministic rubric for OUTAGE_CLOUD_REGION. Internal enrichment: matched_outages_last_365d=1, sev1/high/critical=1, refs=INC-0005.",Risk signal (Medium): OUTAGE_CLOUD_REGION affecting cloud in Cloud Infrastructure. Evidence window: 2025-10-19 to 2025-10-19 across 2 source(s). Representative sources: Amazon’s cloud services unit AWS nears recovery after major outage - Honolulu Star-Advertiser | Amazon’s cloud services unit AWS nears recovery after major outage - Honolulu Star-Advertiser,2026-03-18T19:26:57
RISK-OUTAGE_CLOUD_REGION-CLOUD-B5107001,CL-000015,OUTAGE_CLOUD_REGION,cloud,"EV-E1C058A8F2,EV-E1C058A8F2",Cloud region outage disrupts hosted workloads,Technology,Cloud Infrastructure,cloud,"If a cloud region becomes unavailable, dependent applications may experience outages until failover or recovery is completed.",Medium,3,4,12,True,INC-0005,4.0,5.0,20.0,High,5,4,2,3,1,"OUTAGE_CLOUD_REGION affecting cloud can disrupt Cloud Infrastructure, causing operational delays and recovery complications.",,,Implement multi-region failover for critical services | Run regional outage game days | Validate recovery runbooks,NIST CP-10; NIST CP-2; ISO22301 8.4,,"Derived from incident cluster CL-000015. Evidence strength=Medium, evidence_count=2, confidence=Medium. Baseline likelihood/impact assigned using deterministic rubric for OUTAGE_CLOUD_REGION. Internal enrichment: matched_outages_last_365d=1, sev1/high/critical=1, refs=INC-0005.",Risk signal (Medium): OUTAGE_CLOUD_REGION affecting cloud in Cloud Infrastructure. Evidence window: 2025-10-20 to 2025-10-20 across 2 source(s). Representative sources: The AWS US-East Outage: A Wake-Up Call For Cloud Resilience - Forrester | The AWS US-East Outage: A Wake-Up Call For Cloud Resilience - Forrester,2026-03-18T19:26:57
RISK-OUTAGE_CLOUD_REGION-CLOUD-B5107001,CL-000016,OUTAGE_CLOUD_REGION,cloud,"EV-78049EC956,EV-78049EC956",Cloud region outage disrupts hosted workloads,Technology,Cloud Infrastructure,cloud,"If a cloud region becomes unavailable, dependent applications may experience outages until failover or recovery is completed.",Medium,3,4,12,True,INC-0005,4.0,5.0,20.0,High,5,4,2,3,1,"OUTAGE_CLOUD_REGION affecting cloud can disrupt Cloud Infrastructure, causing operational delays and recovery complications.",,,Implement multi-region failover for critical services | Run regional outage game days | Validate recovery runbooks,NIST CP-10; NIST CP-2; ISO22301 8.4,,"Derived from incident cluster CL-000016. Evidence strength=Medium, evidence_count=2, confidence=Medium. Baseline likelihood/impact assigned using deterministic rubric for OUTAGE_CLOUD_REGION. Internal enrichment: matched_outages_last_365d=1, sev1/high/critical=1, refs=INC-0005.","Risk signal (Medium): OUTAGE_CLOUD_REGION affecting cloud in Cloud Infrastructure. Evidence window: 2025-10-20 to 2025-10-20 across 2 source(s). Representative sources: Amazon cloud computing outage disrupts Snapchat, Ring and many other online services - PBS | Amazon cloud computing outage disrupts Snapchat, Ring and many other online services - PBS",2026-03-18T19:26:57
RISK-OUTAGE_CLOUD_REGION-CLOUD-B5107001,CL-000017,OUTAGE_CLOUD_REGION,cloud,"EV-0A24ACD7CB,EV-0A24ACD7CB",Cloud region outage disrupts hosted workloads,Technology,Cloud Infrastructure,cloud,"If a cloud region becomes unavailable, dependent applications may experience outages until failover or recovery is completed.",Medium,3,4,12,True,INC-0005,4.0,5.0,20.0,High,5,4,2,3,1,"OUTAGE_CLOUD_REGION affecting cloud can disrupt Cloud Infrastructure, causing operational delays and recovery complications.",,,Implement multi-region failover for critical services | Run regional outage game days | Validate recovery runbooks,NIST CP-10; NIST CP-2; ISO22301 8.4,,"Derived from incident cluster CL-000017. Evidence strength=Medium, evidence_count=2, confidence=Medium. Baseline likelihood/impact assigned using deterministic rubric for OUTAGE_CLOUD_REGION. Internal enrichment: matched_outages_last_365d=1, sev1/high/critical=1, refs=INC-0005.",Risk signal (Medium): OUTAGE_CLOUD_REGION affecting cloud in Cloud Infrastructure. Evidence window: 2025-10-20 to 2025-10-20 across 2 source(s). Representative sources: Amazon Cloud Outage Reveals Democratic Deficit in Relying on Big Tech - Tech Policy Press | Amazon Cloud Outage Reveals Democratic Deficit in Relying on Big Tech - Tech Policy Press,2026-03-18T19:26:57
RISK-OUTAGE_CLOUD_REGION-CLOUD-B5107001,CL-000018,OUTAGE_CLOUD_REGION,cloud,"EV-52DA69C10E,EV-52DA69C10E",Cloud region outage disrupts hosted workloads,Technology,Cloud Infrastructure,cloud,"If a cloud region becomes unavailable, dependent applications may experience outages until failover or recovery is completed.",Medium,3,4,12,True,INC-0005,4.0,5.0,20.0,High,5,4,2,3,1,"OUTAGE_CLOUD_REGION affecting cloud can disrupt Cloud Infrastructure, causing operational delays and recovery complications.",,,Implement multi-region failover for critical services | Run regional outage game days | Validate recovery runbooks,NIST CP-10; NIST CP-2; ISO22301 8.4,,"Derived from incident cluster CL-000018. Evidence strength=Medium, evidence_count=2, confidence=Medium. Baseline likelihood/impact assigned using deterministic rubric for OUTAGE_CLOUD_REGION. Internal enrichment: matched_outages_last_365d=1, sev1/high/critical=1, refs=INC-0005.",Risk signal (Medium): OUTAGE_CLOUD_REGION affecting cloud in Cloud Infrastructure. Evidence window: 2025-10-20 to 2025-10-20 across 2 source(s). Representative sources: Outage at Amazon cloud service unit causes major disruption - dw.com | Outage at Amazon cloud service unit causes major disruption - DW.com,2026-03-18T19:26:57
RISK-OUTAGE_CLOUD_REGION-CLOUD-B5107001,CL-000019,OUTAGE_CLOUD_REGION,cloud,"EV-42C77CE4E4,EV-42C77CE4E4",Cloud region outage disrupts hosted workloads,Technology,Cloud Infrastructure,cloud,"If a cloud region becomes unavailable, dependent applications may experience outages until failover or recovery is completed.",Medium,3,4,12,True,INC-0005,4.0,5.0,20.0,High,5,4,2,3,1,"OUTAGE_CLOUD_REGION affecting cloud can disrupt Cloud Infrastructure, causing operational delays and recovery complications.",,,Implement multi-region failover for critical services | Run regional outage game days | Validate recovery runbooks,NIST CP-10; NIST CP-2; ISO22301 8.4,,"Derived from incident cluster CL-000019. Evidence strength=Medium, evidence_count=2, confidence=Medium. Baseline likelihood/impact assigned using deterministic rubric for OUTAGE_CLOUD_REGION. Internal enrichment: matched_outages_last_365d=1, sev1/high/critical=1, refs=INC-0005.",Risk signal (Medium): OUTAGE_CLOUD_REGION affecting cloud in Cloud Infrastructure. Evidence window: 2025-10-20 to 2025-10-20 across 2 source(s). Representative sources: An Amazon outage has rattled the internet. A computer scientist explains why the ‘cloud’ needs to change - The Conversation | An Amazon outage has rattled the internet. A computer scientist explains why the ‘cloud’ needs to change - The Conversation,2026-03-18T19:26:57
RISK-OUTAGE_CLOUD_REGION-CLOUD-0785DCC0,CL-000020,OUTAGE_CLOUD_REGION,cloud,"EV-408A067684,EV-408A067684,EV-408A067684,EV-408A067684",Cloud region outage disrupts hosted workloads,Technology,Distribution Operations,cloud,"If a cloud region becomes unavailable, dependent applications may experience outages until failover or recovery is completed.",Strong,3,4,12,False,,,,,Medium,5,4,2,3,1,"OUTAGE_CLOUD_REGION affecting cloud can disrupt Distribution Operations, causing operational delays and recovery complications.",,,Implement multi-region failover for critical services | Run regional outage game days | Validate recovery runbooks,NIST CP-10; NIST CP-2; ISO22301 8.4,,"Derived from incident cluster CL-000020. Evidence strength=Strong, evidence_count=4, confidence=Medium. Baseline likelihood/impact assigned using deterministic rubric for OUTAGE_CLOUD_REGION.",Risk signal (Strong): OUTAGE_CLOUD_REGION affecting cloud in Distribution Operations. Evidence window: 2025-10-21 to 2025-10-21 across 4 source(s). Representative sources: AWS Outage Highlights Cloud Dependency Risks in Supply Chains - Logistics Viewpoints | AWS Outage Highlights Cloud Dependency Risks in Supply Chains - Logistics Viewpoints,2026-03-18T19:26:57
RISK-OUTAGE_CLOUD_REGION-CLOUD-B5107001,CL-000021,OUTAGE_CLOUD_REGION,cloud,"EV-3AA80863BB,EV-3AA80863BB,EV-3AA80863BB,EV-3AA80863BB",Cloud region outage disrupts hosted workloads,Technology,Cloud Infrastructure,cloud,"If a cloud region becomes unavailable, dependent applications may experience outages until failover or recovery is completed.",Strong,3,4,12,True,INC-0005,4.0,5.0,20.0,High,5,4,2,3,1,"OUTAGE_CLOUD_REGION affecting cloud can disrupt Cloud Infrastructure, causing operational delays and recovery complications.",,,Implement multi-region failover for critical services | Run regional outage game days | Validate recovery runbooks,NIST CP-10; NIST CP-2; ISO22301 8.4,,"Derived from incident cluster CL-000021. Evidence strength=Strong, evidence_count=4, confidence=Medium. Baseline likelihood/impact assigned using deterministic rubric for OUTAGE_CLOUD_REGION. Internal enrichment: matched_outages_last_365d=1, sev1/high/critical=1, refs=INC-0005.",Risk signal (Strong): OUTAGE_CLOUD_REGION affecting cloud in Cloud Infrastructure. Evidence window: 2025-10-21 to 2025-10-21 across 4 source(s). Representative sources: AWS October 2025 Outage: What Financial Executives Must Learn About Cloud Risk Management - Financial Executives International | AWS October 2025 Outage: What Financial Executives Must Learn About Cloud Risk Management - Financial Executives International,2026-03-18T19:26:57
RISK-OUTAGE_CLOUD_REGION-CLOUD-B5107001,CL-000022,OUTAGE_CLOUD_REGION,cloud,"EV-A866428D1D,EV-A866428D1D,EV-A866428D1D,EV-A866428D1D",Cloud region outage disrupts hosted workloads,Technology,Cloud Infrastructure,cloud,"If a cloud region becomes unavailable, dependent applications may experience outages until failover or recovery is completed.",Strong,3,4,12,True,INC-0005,4.0,5.0,20.0,High,5,4,2,3,1,"OUTAGE_CLOUD_REGION affecting cloud can disrupt Cloud Infrastructure, causing operational delays and recovery complications.",,,Implement multi-region failover for critical services | Run regional outage game days | Validate recovery runbooks,NIST CP-10; NIST CP-2; ISO22301 8.4,,"Derived from incident cluster CL-000022. Evidence strength=Strong, evidence_count=4, confidence=Medium. Baseline likelihood/impact assigned using deterministic rubric for OUTAGE_CLOUD_REGION. Internal enrichment: matched_outages_last_365d=1, sev1/high/critical=1, refs=INC-0005.",Risk signal (Strong): OUTAGE_CLOUD_REGION affecting cloud in Cloud Infrastructure. Evidence window: 2025-10-21 to 2025-10-21 across 4 source(s). Representative sources: Amazon says AWS cloud service back to normal after outage disrupts businesses worldwide - Reuters | Amazon says AWS cloud service back to normal after outage disrupts businesses worldwide - Reuters,2026-03-18T19:26:57
RISK-CYBER_OPERATIONAL_DISRUPTION-UNKNOWN-29F36C0D,CL-000023,CYBER_OPERATIONAL_DISRUPTION,UNKNOWN,EV-EB42DD50B1,CYBER_OPERATIONAL_DISRUPTION risk affects IT Operations,Technology,IT Operations,UNKNOWN,"If CYBER_OPERATIONAL_DISRUPTION occurs, IT Operations may be disrupted.",Weak,2,3,6,False,,,,,Low,4,3,2,3,1,"CYBER_OPERATIONAL_DISRUPTION affecting UNKNOWN can disrupt IT Operations, causing operational delays and recovery complications.",,,Review controls and implement appropriate mitigations,,,"Derived from incident cluster CL-000023. Evidence strength=Weak, evidence_count=1, confidence=Low. Baseline likelihood/impact assigned using deterministic rubric for CYBER_OPERATIONAL_DISRUPTION.",Risk signal (Weak): CYBER_OPERATIONAL_DISRUPTION affecting UNKNOWN in IT Operations. Evidence window: 2025-10-21 to 2025-10-21 across 1 source(s). Representative sources: Massachusetts Hospitals Experiencing Disruption Due to Cyberattack - The HIPAA Journal,2026-03-18T19:26:57
RISK-SECURITY_BREACH-UNKNOWN-BBF98AB6,CL-000024,SECURITY_BREACH,UNKNOWN,EV-878878A83D,Third-party breach increases data exposure and compliance risk,Cyber,Vendor Risk,UNKNOWN,"If a third-party breach exposes sensitive data, the organization may face regulatory reporting obligations, financial losses, and reputational harm.",Weak,2,4,8,False,,,,,Medium,2,4,5,4,1,"SECURITY_BREACH affecting UNKNOWN can disrupt Vendor Risk, causing operational delays and recovery complications.",,,Strengthen third-party security requirements | Improve monitoring/detection | Review data minimization and access controls,NIST AC-3; NIST SI-4; NIST SA-9,,"Derived from incident cluster CL-000024. Evidence strength=Weak, evidence_count=1, confidence=Medium. Baseline likelihood/impact assigned using deterministic rubric for SECURITY_BREACH.",Risk signal (Weak): SECURITY_BREACH affecting UNKNOWN in Vendor Risk. Evidence window: 2025-10-22 to 2025-10-22 across 1 source(s). Representative sources: State officials: Blue Cross-Blue Shield breach could compromise one-third of all residents' data - Daily Montanan,2026-03-18T19:26:57
RISK-OUTAGE_CLOUD_REGION-CLOUD-84AF3FCA,CL-000025,OUTAGE_CLOUD_REGION,cloud,EV-0B0A3CA4C2,Cloud region outage disrupts hosted workloads,Technology,Procurement & Supply Chain,cloud,"If a cloud region becomes unavailable, dependent applications may experience outages until failover or recovery is completed.",Weak,2,4,8,False,,,,,Low,5,4,2,3,1,"OUTAGE_CLOUD_REGION affecting cloud can disrupt Procurement & Supply Chain, causing operational delays and recovery complications.",,,Implement multi-region failover for critical services | Run regional outage game days | Validate recovery runbooks,NIST CP-10; NIST CP-2; ISO22301 8.4,,"Derived from incident cluster CL-000025. Evidence strength=Weak, evidence_count=1, confidence=Low. Baseline likelihood/impact assigned using deterministic rubric for OUTAGE_CLOUD_REGION.",Risk signal (Weak): OUTAGE_CLOUD_REGION affecting cloud in Procurement & Supply Chain. Evidence window: 2025-10-22 to 2025-10-22 across 1 source(s). Representative sources: How Amazon's AWS cloud outage threatens automotive production resilience - Automotive Manufacturing Solutions,2026-03-18T19:26:57
RISK-OUTAGE_CLOUD_REGION-CLOUD-B5107001,CL-000026,OUTAGE_CLOUD_REGION,cloud,"EV-F2BC4475CF,EV-F2BC4475CF",Cloud region outage disrupts hosted workloads,Technology,Cloud Infrastructure,cloud,"If a cloud region becomes unavailable, dependent applications may experience outages until failover or recovery is completed.",Medium,3,4,12,True,INC-0005,4.0,5.0,20.0,High,5,4,2,3,1,"OUTAGE_CLOUD_REGION affecting cloud can disrupt Cloud Infrastructure, causing operational delays and recovery complications.",,,Implement multi-region failover for critical services | Run regional outage game days | Validate recovery runbooks,NIST CP-10; NIST CP-2; ISO22301 8.4,,"Derived from incident cluster CL-000026. Evidence strength=Medium, evidence_count=2, confidence=Medium. Baseline likelihood/impact assigned using deterministic rubric for OUTAGE_CLOUD_REGION. Internal enrichment: matched_outages_last_365d=1, sev1/high/critical=1, refs=INC-0005.",Risk signal (Medium): OUTAGE_CLOUD_REGION affecting cloud in Cloud Infrastructure. Evidence window: 2025-10-29 to 2025-10-29 across 2 source(s). Representative sources: Microsoft Azure outage today: Technology company says it has deployed a fix for cloud service experiencing issues - ABC7 Los Angeles | Microsoft Azure outage today: Technology company says it has deployed a fix for cloud service experiencing issues - ABC7 Los Angeles,2026-03-18T19:26:57
RISK-SECURITY_BREACH-UNKNOWN-BBF98AB6,CL-000027,SECURITY_BREACH,UNKNOWN,"EV-A5CDE23DBF,EV-A5CDE23DBF",Third-party breach increases data exposure and compliance risk,Cyber,Vendor Risk,UNKNOWN,"If a third-party breach exposes sensitive data, the organization may face regulatory reporting obligations, financial losses, and reputational harm.",Medium,3,4,12,False,,,,,Medium,2,4,5,4,1,"SECURITY_BREACH affecting UNKNOWN can disrupt Vendor Risk, causing operational delays and recovery complications.",,,Strengthen third-party security requirements | Improve monitoring/detection | Review data minimization and access controls,NIST AC-3; NIST SI-4; NIST SA-9,,"Derived from incident cluster CL-000027. Evidence strength=Medium, evidence_count=2, confidence=Medium. Baseline likelihood/impact assigned using deterministic rubric for SECURITY_BREACH.",Risk signal (Medium): SECURITY_BREACH affecting UNKNOWN in Vendor Risk. Evidence window: 2025-11-20 to 2025-11-20 across 2 source(s). Representative sources: Hundreds of Salesforce customers hit by yet another third-party vendor breach - CyberScoop | Hundreds of Salesforce customers hit by yet another third-party vendor breach - CyberScoop,2026-03-18T19:26:57
RISK-SECURITY_BREACH-UNKNOWN-BBF98AB6,CL-000028,SECURITY_BREACH,UNKNOWN,EV-3F40A295B0,Third-party breach increases data exposure and compliance risk,Cyber,Vendor Risk,UNKNOWN,"If a third-party breach exposes sensitive data, the organization may face regulatory reporting obligations, financial losses, and reputational harm.",Weak,2,4,8,False,,,,,Medium,2,4,5,4,1,"SECURITY_BREACH affecting UNKNOWN can disrupt Vendor Risk, causing operational delays and recovery complications.",,,Strengthen third-party security requirements | Improve monitoring/detection | Review data minimization and access controls,NIST AC-3; NIST SI-4; NIST SA-9,,"Derived from incident cluster CL-000028. Evidence strength=Weak, evidence_count=1, confidence=Medium. Baseline likelihood/impact assigned using deterministic rubric for SECURITY_BREACH.",Risk signal (Weak): SECURITY_BREACH affecting UNKNOWN in Vendor Risk. Evidence window: 2025-11-23 to 2025-11-23 across 1 source(s). Representative sources: Iberia discloses customer data leak after vendor security breach - BleepingComputer,2026-03-18T19:26:57
RISK-SECURITY_BREACH-UNKNOWN-BBF98AB6,CL-000029,SECURITY_BREACH,UNKNOWN,"EV-036BAEEF86,EV-036BAEEF86",Third-party breach increases data exposure and compliance risk,Cyber,Vendor Risk,UNKNOWN,"If a third-party breach exposes sensitive data, the organization may face regulatory reporting obligations, financial losses, and reputational harm.",Medium,3,4,12,False,,,,,Medium,2,4,5,4,1,"SECURITY_BREACH affecting UNKNOWN can disrupt Vendor Risk, causing operational delays and recovery complications.",,,Strengthen third-party security requirements | Improve monitoring/detection | Review data minimization and access controls,NIST AC-3; NIST SI-4; NIST SA-9,,"Derived from incident cluster CL-000029. Evidence strength=Medium, evidence_count=2, confidence=Medium. Baseline likelihood/impact assigned using deterministic rubric for SECURITY_BREACH.",Risk signal (Medium): SECURITY_BREACH affecting UNKNOWN in Vendor Risk. Evidence window: 2025-11-24 to 2025-11-24 across 2 source(s). Representative sources: Comcast to pay $1.5 million US fine after vendor data breach - Reuters | Comcast to pay $1.5 million US fine after vendor data breach - Reuters,2026-03-18T19:26:57
RISK-SECURITY_BREACH-UNKNOWN-BBF98AB6,CL-000030,SECURITY_BREACH,UNKNOWN,"EV-DBE99CBB20,EV-DBE99CBB20",Third-party breach increases data exposure and compliance risk,Cyber,Vendor Risk,UNKNOWN,"If a third-party breach exposes sensitive data, the organization may face regulatory reporting obligations, financial losses, and reputational harm.",Medium,3,4,12,False,,,,,Medium,2,4,5,4,1,"SECURITY_BREACH affecting UNKNOWN can disrupt Vendor Risk, causing operational delays and recovery complications.",,,Strengthen third-party security requirements | Improve monitoring/detection | Review data minimization and access controls,NIST AC-3; NIST SI-4; NIST SA-9,,"Derived from incident cluster CL-000030. Evidence strength=Medium, evidence_count=2, confidence=Medium. Baseline likelihood/impact assigned using deterministic rubric for SECURITY_BREACH.",Risk signal (Medium): SECURITY_BREACH affecting UNKNOWN in Vendor Risk. Evidence window: 2025-11-24 to 2025-11-24 across 2 source(s). Representative sources: Spanish Airline Iberia Notifies Customers of Data Breach - SecurityWeek | Spanish Airline Iberia Notifies Customers of Data Breach - SecurityWeek,2026-03-18T19:26:57
RISK-UNKNOWN-NETWORK-7CFD7EC8,CL-000031,UNKNOWN,network,"EV-73DCC16AFE,EV-73DCC16AFE",UNKNOWN risk affects Network Infrastructure,Technology,Network Infrastructure,network,"If UNKNOWN occurs, Network Infrastructure may be disrupted.",Medium,3,3,9,False,,,,,Medium,4,3,2,3,1,"UNKNOWN affecting network can disrupt Network Infrastructure, causing operational delays and recovery complications.",,,Review controls and implement appropriate mitigations,,,"Derived from incident cluster CL-000031. Evidence strength=Medium, evidence_count=2, confidence=Medium. Baseline likelihood/impact assigned using deterministic rubric for UNKNOWN.",Risk signal (Medium): UNKNOWN affecting network in Network Infrastructure. Evidence window: 2025-11-26 to 2025-11-26 across 2 source(s). Representative sources: Microsoft loses two senior AI infrastructure leaders as data center pressures mount - Network World | Microsoft loses two senior AI infrastructure leaders as data center pressures mount - Network World,2026-03-18T19:26:57
RISK-SECURITY_BREACH-UNKNOWN-BBF98AB6,CL-000032,SECURITY_BREACH,UNKNOWN,EV-6615E79E5C,Third-party breach increases data exposure and compliance risk,Cyber,Vendor Risk,UNKNOWN,"If a third-party breach exposes sensitive data, the organization may face regulatory reporting obligations, financial losses, and reputational harm.",Weak,2,4,8,False,,,,,Medium,2,4,5,4,1,"SECURITY_BREACH affecting UNKNOWN can disrupt Vendor Risk, causing operational delays and recovery complications.",,,Strengthen third-party security requirements | Improve monitoring/detection | Review data minimization and access controls,NIST AC-3; NIST SI-4; NIST SA-9,,"Derived from incident cluster CL-000032. Evidence strength=Weak, evidence_count=1, confidence=Medium. Baseline likelihood/impact assigned using deterministic rubric for SECURITY_BREACH.",Risk signal (Weak): SECURITY_BREACH affecting UNKNOWN in Vendor Risk. Evidence window: 2025-12-04 to 2025-12-04 across 1 source(s). Representative sources: Personal Information Compromised in Freedom Mobile Data Breach - SecurityWeek,2026-03-18T19:26:57
RISK-SECURITY_RANSOMWARE-UNKNOWN-B3810008,CL-000033,SECURITY_RANSOMWARE,UNKNOWN,"EV-B6E78CFC94,EV-B6E78CFC94",Ransomware disrupts operations and recovery capabilities,Cyber,Cybersecurity,UNKNOWN,"If ransomware compromises critical systems, operations may halt and recovery timelines may increase due to containment, restoration, and validation needs.",Medium,3,5,15,True,INC-0006,4.0,5.0,20.0,High,5,4,3,4,1,"SECURITY_RANSOMWARE affecting UNKNOWN can disrupt Cybersecurity, causing operational delays and recovery complications.",,,Harden privileged access | Immutable backups + frequent restore testing | Improve incident response playbooks,NIST IR-4; NIST CP-9; NIST AC-2,,"Derived from incident cluster CL-000033. Evidence strength=Medium, evidence_count=2, confidence=Medium. Baseline likelihood/impact assigned using deterministic rubric for SECURITY_RANSOMWARE. Internal enrichment: matched_outages_last_365d=1, sev1/high/critical=1, refs=INC-0006.","Risk signal (Medium): SECURITY_RANSOMWARE affecting UNKNOWN in Cybersecurity. Evidence window: 2025-12-11 to 2025-12-11 across 2 source(s). Representative sources: Ransomware surge intensifies across industrial sectors, with manufacturing accounting for 72% of Q3 cases - Industrial Cyber | Ransomware surge intensifies across industrial sectors, with manufacturing accounting for 72% of Q3 cases - Industrial Cyber",2026-03-18T19:26:57
RISK-OUTAGE_APPLICATION-UNKNOWN-61D7022A,CL-000034,OUTAGE_APPLICATION,UNKNOWN,"EV-D4B0AF7CF2,EV-D4B0AF7CF2",Critical application outage disrupts business operations,Technology,Physical Infrastructure,UNKNOWN,"If a critical application becomes unavailable, dependent business processes are disrupted, increasing delays and manual workarounds.",Medium,3,4,12,False,,,,,Medium,5,3,2,3,1,"OUTAGE_APPLICATION affecting UNKNOWN can disrupt Physical Infrastructure, causing operational delays and recovery complications.",,,Add high-availability design or failover | Improve monitoring and alerting | Validate recovery procedures through tests,NIST CP-2; NIST CP-10; ISO22301 8.4,,"Derived from incident cluster CL-000034. Evidence strength=Medium, evidence_count=2, confidence=Medium. Baseline likelihood/impact assigned using deterministic rubric for OUTAGE_APPLICATION.","Risk signal (Medium): OUTAGE_APPLICATION affecting UNKNOWN in Physical Infrastructure. Evidence window: 2025-12-19 to 2025-12-19 across 2 source(s). Representative sources: A 10-Hour Data Center Outage Is Testing the Ambitions of KKR, GIP - Insurance Journal | A 10-Hour Data Center Outage Is Testing the Ambitions of KKR, GIP - Insurance Journal",2026-03-18T19:26:57
RISK-SECURITY_BREACH-UNKNOWN-BBF98AB6,CL-000035,SECURITY_BREACH,UNKNOWN,EV-14A6B6FEA7,Third-party breach increases data exposure and compliance risk,Cyber,Vendor Risk,UNKNOWN,"If a third-party breach exposes sensitive data, the organization may face regulatory reporting obligations, financial losses, and reputational harm.",Weak,2,4,8,False,,,,,Medium,2,4,5,4,1,"SECURITY_BREACH affecting UNKNOWN can disrupt Vendor Risk, causing operational delays and recovery complications.",,,Strengthen third-party security requirements | Improve monitoring/detection | Review data minimization and access controls,NIST AC-3; NIST SI-4; NIST SA-9,,"Derived from incident cluster CL-000035. Evidence strength=Weak, evidence_count=1, confidence=Medium. Baseline likelihood/impact assigned using deterministic rubric for SECURITY_BREACH.",Risk signal (Weak): SECURITY_BREACH affecting UNKNOWN in Vendor Risk. Evidence window: 2025-12-23 to 2025-12-23 across 1 source(s). Representative sources: Koinly Warning: Third-Party Breach Exposes User Emails – Is Your Tax Data Safe? - Yahoo Finance,2026-03-18T19:26:57
RISK-SECURITY_BREACH-UNKNOWN-BBF98AB6,CL-000036,SECURITY_BREACH,UNKNOWN,EV-BB7E6E4B6C,Third-party breach increases data exposure and compliance risk,Cyber,Vendor Risk,UNKNOWN,"If a third-party breach exposes sensitive data, the organization may face regulatory reporting obligations, financial losses, and reputational harm.",Weak,2,4,8,False,,,,,Medium,2,4,5,4,1,"SECURITY_BREACH affecting UNKNOWN can disrupt Vendor Risk, causing operational delays and recovery complications.",,,Strengthen third-party security requirements | Improve monitoring/detection | Review data minimization and access controls,NIST AC-3; NIST SI-4; NIST SA-9,,"Derived from incident cluster CL-000036. Evidence strength=Weak, evidence_count=1, confidence=Medium. Baseline likelihood/impact assigned using deterministic rubric for SECURITY_BREACH.",Risk signal (Weak): SECURITY_BREACH affecting UNKNOWN in Vendor Risk. Evidence window: 2026-01-05 to 2026-01-05 across 1 source(s). Representative sources: Ledger customers alerted to data leak at third-party e-commerce partner Global-e - The Block,2026-03-18T19:26:57
RISK-OUTAGE_NETWORK-NETWORK-ED8652FB,CL-000037,OUTAGE_NETWORK,network,"EV-AFFA3B497B,EV-AFFA3B497B",Network outage disrupts connectivity to critical services,Technology,Network Infrastructure,network,"If core network connectivity fails, users and systems may lose access to critical services, disrupting operations and recovery actions.",Medium,3,4,12,True,INC-0004,4.0,5.0,20.0,High,5,3,2,3,1,"OUTAGE_NETWORK affecting network can disrupt Network Infrastructure, causing operational delays and recovery complications.",,,Increase network redundancy | Improve failover testing | Add synthetic monitoring for critical paths,NIST CP-2; NIST SC-5; ISO22301 8.4,,"Derived from incident cluster CL-000037. Evidence strength=Medium, evidence_count=2, confidence=Medium. Baseline likelihood/impact assigned using deterministic rubric for OUTAGE_NETWORK. Internal enrichment: matched_outages_last_365d=1, sev1/high/critical=1, refs=INC-0004.",Risk signal (Medium): OUTAGE_NETWORK affecting network in Network Infrastructure. Evidence window: 2026-01-06 to 2026-01-06 across 2 source(s). Representative sources: 2025 global network outage report and internet health check - Network World | 2025 global network outage report and internet health check - Network World,2026-03-18T19:26:57
RISK-OUTAGE_APPLICATION-UNKNOWN-61D7022A,CL-000038,OUTAGE_APPLICATION,UNKNOWN,"EV-E9263BDA5E,EV-E9263BDA5E",Critical application outage disrupts business operations,Technology,Physical Infrastructure,UNKNOWN,"If a critical application becomes unavailable, dependent business processes are disrupted, increasing delays and manual workarounds.",Medium,3,4,12,False,,,,,Medium,5,3,2,3,1,"OUTAGE_APPLICATION affecting UNKNOWN can disrupt Physical Infrastructure, causing operational delays and recovery complications.",,,Add high-availability design or failover | Improve monitoring and alerting | Validate recovery procedures through tests,NIST CP-2; NIST CP-10; ISO22301 8.4,,"Derived from incident cluster CL-000038. Evidence strength=Medium, evidence_count=2, confidence=Medium. Baseline likelihood/impact assigned using deterministic rubric for OUTAGE_APPLICATION.",Risk signal (Medium): OUTAGE_APPLICATION affecting UNKNOWN in Physical Infrastructure. Evidence window: 2026-01-13 to 2026-01-13 across 2 source(s). Representative sources: Outsmarting Data Center Outage Risks in 2026 - Data Center Knowledge | Outsmarting Data Center Outage Risks in 2026 - Data Center Knowledge,2026-03-18T19:26:57
RISK-SECURITY_RANSOMWARE-UNKNOWN-B3810008,CL-000039,SECURITY_RANSOMWARE,UNKNOWN,EV-E7524151EC,Ransomware disrupts operations and recovery capabilities,Cyber,Cybersecurity,UNKNOWN,"If ransomware compromises critical systems, operations may halt and recovery timelines may increase due to containment, restoration, and validation needs.",Weak,2,5,10,True,INC-0006,3.0,5.0,15.0,High,5,4,3,4,1,"SECURITY_RANSOMWARE affecting UNKNOWN can disrupt Cybersecurity, causing operational delays and recovery complications.",,,Harden privileged access | Immutable backups + frequent restore testing | Improve incident response playbooks,NIST IR-4; NIST CP-9; NIST AC-2,,"Derived from incident cluster CL-000039. Evidence strength=Weak, evidence_count=1, confidence=Medium. Baseline likelihood/impact assigned using deterministic rubric for SECURITY_RANSOMWARE. Internal enrichment: matched_outages_last_365d=1, sev1/high/critical=1, refs=INC-0006.",Risk signal (Weak): SECURITY_RANSOMWARE affecting UNKNOWN in Cybersecurity. Evidence window: 2026-01-16 to 2026-01-16 across 1 source(s). Representative sources: Ransomware Attacks and Supply Chain Threats in 2025 - Cyble,2026-03-18T19:26:57
RISK-OUTAGE_NETWORK-NETWORK-ED8652FB,CL-000040,OUTAGE_NETWORK,network,"EV-88FFECA46C,EV-88FFECA46C",Network outage disrupts connectivity to critical services,Technology,Network Infrastructure,network,"If core network connectivity fails, users and systems may lose access to critical services, disrupting operations and recovery actions.",Medium,3,4,12,True,INC-0004,4.0,5.0,20.0,High,5,3,2,3,1,"OUTAGE_NETWORK affecting network can disrupt Network Infrastructure, causing operational delays and recovery complications.",,,Increase network redundancy | Improve failover testing | Add synthetic monitoring for critical paths,NIST CP-2; NIST SC-5; ISO22301 8.4,,"Derived from incident cluster CL-000040. Evidence strength=Medium, evidence_count=2, confidence=Medium. Baseline likelihood/impact assigned using deterministic rubric for OUTAGE_NETWORK. Internal enrichment: matched_outages_last_365d=1, sev1/high/critical=1, refs=INC-0004.",Risk signal (Medium): OUTAGE_NETWORK affecting network in Network Infrastructure. Evidence window: 2026-01-20 to 2026-01-20 across 2 source(s). Representative sources: Verizon outage: Analysts and more weigh in - Fierce Network | Verizon outage: Analysts and more weigh in - Fierce Network,2026-03-18T19:26:57
RISK-OUTAGE_IDENTITY-LOGIN-1EAC82FB,CL-000041,OUTAGE_IDENTITY,login,"EV-E2655ADAAE,EV-E2655ADAAE",Centralized identity/SSO outage disrupts workforce access,Technology,Identity & Access Management,login,"If centralized identity services are unavailable, users cannot authenticate to critical systems, causing access disruption and operational delays.",Medium,3,4,12,True,INC-0001,4.0,5.0,20.0,High,5,3,2,3,1,"OUTAGE_IDENTITY affecting login can disrupt Identity & Access Management, causing operational delays and recovery complications.",,,Implement break-glass access for critical systems | Add synthetic login monitoring | Test alternate authentication paths regularly,NIST IA-2; NIST CP-2; ISO22301 8.4,,"Derived from incident cluster CL-000041. Evidence strength=Medium, evidence_count=2, confidence=Medium. Baseline likelihood/impact assigned using deterministic rubric for OUTAGE_IDENTITY. Internal enrichment: matched_outages_last_365d=1, sev1/high/critical=1, refs=INC-0001.",Risk signal (Medium): OUTAGE_IDENTITY affecting login in Identity & Access Management. Evidence window: 2026-01-31 to 2026-01-31 across 2 source(s). Representative sources: ING Online Banking Outage: January 31 Login Issues Hit German Users - Meyka | ING Online Banking Outage: January 31 Login Issues Hit German Users - Meyka,2026-03-18T19:26:57
RISK-OUTAGE_IDENTITY-IDENTITY-18AA8247,CL-000042,OUTAGE_IDENTITY,identity,"EV-76B2C58A9D,EV-76B2C58A9D",Centralized identity/SSO outage disrupts workforce access,Technology,Cloud Infrastructure,identity,"If centralized identity services are unavailable, users cannot authenticate to critical systems, causing access disruption and operational delays.",Medium,3,4,12,True,INC-0005,4.0,5.0,20.0,High,5,3,2,3,1,"OUTAGE_IDENTITY affecting identity can disrupt Cloud Infrastructure, causing operational delays and recovery complications.",,,Implement break-glass access for critical systems | Add synthetic login monitoring | Test alternate authentication paths regularly,NIST IA-2; NIST CP-2; ISO22301 8.4,,"Derived from incident cluster CL-000042. Evidence strength=Medium, evidence_count=2, confidence=Medium. Baseline likelihood/impact assigned using deterministic rubric for OUTAGE_IDENTITY. Internal enrichment: matched_outages_last_365d=1, sev1/high/critical=1, refs=INC-0005.",Risk signal (Medium): OUTAGE_IDENTITY affecting identity in Cloud Infrastructure. Evidence window: 2026-02-04 to 2026-02-04 across 2 source(s). Representative sources: Azure outage disrupts VMs and identity services for over 10 hours - InfoWorld | Azure outage disrupts VMs and identity services for over 10 hours - InfoWorld,2026-03-18T19:26:57
RISK-SECURITY_BREACH-UNKNOWN-BBF98AB6,CL-000043,SECURITY_BREACH,UNKNOWN,"EV-9EDFEF11CC,EV-9EDFEF11CC",Third-party breach increases data exposure and compliance risk,Cyber,Vendor Risk,UNKNOWN,"If a third-party breach exposes sensitive data, the organization may face regulatory reporting obligations, financial losses, and reputational harm.",Medium,3,4,12,False,,,,,Medium,2,4,5,4,1,"SECURITY_BREACH affecting UNKNOWN can disrupt Vendor Risk, causing operational delays and recovery complications.",,,Strengthen third-party security requirements | Improve monitoring/detection | Review data minimization and access controls,NIST AC-3; NIST SI-4; NIST SA-9,,"Derived from incident cluster CL-000043. Evidence strength=Medium, evidence_count=2, confidence=Medium. Baseline likelihood/impact assigned using deterministic rubric for SECURITY_BREACH.",Risk signal (Medium): SECURITY_BREACH affecting UNKNOWN in Vendor Risk. Evidence window: 2026-02-06 to 2026-02-06 across 2 source(s). Representative sources: Betterment data breach exposes 1.4 million customers - American Banker | Betterment data breach exposes 1.4 million customers - American Banker,2026-03-18T19:26:57
RISK-OUTAGE_NETWORK-NETWORK-5009F988,CL-000044,OUTAGE_NETWORK,network,"EV-1611337CA0,EV-1611337CA0",Network outage disrupts connectivity to critical services,Technology,Transportation & Logistics,network,"If core network connectivity fails, users and systems may lose access to critical services, disrupting operations and recovery actions.",Medium,3,4,12,False,,,,,Medium,5,3,2,3,1,"OUTAGE_NETWORK affecting network can disrupt Transportation & Logistics, causing operational delays and recovery complications.",,,Increase network redundancy | Improve failover testing | Add synthetic monitoring for critical paths,NIST CP-2; NIST SC-5; ISO22301 8.4,,"Derived from incident cluster CL-000044. Evidence strength=Medium, evidence_count=2, confidence=Medium. Baseline likelihood/impact assigned using deterministic rubric for OUTAGE_NETWORK.",Risk signal (Medium): OUTAGE_NETWORK affecting network in Transportation & Logistics. Evidence window: 2026-02-10 to 2026-02-10 across 2 source(s). Representative sources: Verizon’s major network outage sparks new fallout after backlash - Yahoo Finance | Verizon’s major network outage sparks new fallout after backlash - Yahoo Finance,2026-03-18T19:26:57
RISK-SECURITY_BREACH-UNKNOWN-BBF98AB6,CL-000045,SECURITY_BREACH,UNKNOWN,"EV-E7DBD3E3A8,EV-E7DBD3E3A8",Third-party breach increases data exposure and compliance risk,Cyber,Vendor Risk,UNKNOWN,"If a third-party breach exposes sensitive data, the organization may face regulatory reporting obligations, financial losses, and reputational harm.",Medium,3,4,12,False,,,,,Medium,2,4,5,4,1,"SECURITY_BREACH affecting UNKNOWN can disrupt Vendor Risk, causing operational delays and recovery complications.",,,Strengthen third-party security requirements | Improve monitoring/detection | Review data minimization and access controls,NIST AC-3; NIST SI-4; NIST SA-9,,"Derived from incident cluster CL-000045. Evidence strength=Medium, evidence_count=2, confidence=Medium. Baseline likelihood/impact assigned using deterministic rubric for SECURITY_BREACH.",Risk signal (Medium): SECURITY_BREACH affecting UNKNOWN in Vendor Risk. Evidence window: 2026-02-10 to 2026-02-10 across 2 source(s). Representative sources: Stalkerware vendor data breach exposes over half a million customer records - SC Media | Stalkerware vendor data breach exposes over half a million customer records - SC Media,2026-03-18T19:26:57
RISK-SECURITY_BREACH-UNKNOWN-BBF98AB6,CL-000046,SECURITY_BREACH,UNKNOWN,"EV-95E4B4EA49,EV-95E4B4EA49,EV-95E4B4EA49",Third-party breach increases data exposure and compliance risk,Cyber,Vendor Risk,UNKNOWN,"If a third-party breach exposes sensitive data, the organization may face regulatory reporting obligations, financial losses, and reputational harm.",Strong,3,4,12,False,,,,,Medium,2,4,5,4,1,"SECURITY_BREACH affecting UNKNOWN can disrupt Vendor Risk, causing operational delays and recovery complications.",,,Strengthen third-party security requirements | Improve monitoring/detection | Review data minimization and access controls,NIST AC-3; NIST SI-4; NIST SA-9,,"Derived from incident cluster CL-000046. Evidence strength=Strong, evidence_count=3, confidence=Medium. Baseline likelihood/impact assigned using deterministic rubric for SECURITY_BREACH.","Risk signal (Strong): SECURITY_BREACH affecting UNKNOWN in Vendor Risk. Evidence window: 2026-02-17 to 2026-02-17 across 3 source(s). Representative sources: Canada Goose Data Breach: ShinyHunters Leak Exposes 600,000 Customer Records via Third-Party Payment Processor - Rescana | Canada Goose Data Breach: ShinyHunters Leak Exposes 600,000 Customer Records via Third-Party Payment Processor - Rescana",2026-03-18T19:26:57
RISK-SECURITY_BREACH-UNKNOWN-BBF98AB6,CL-000047,SECURITY_BREACH,UNKNOWN,"EV-12F3E0EB27,EV-12F3E0EB27",Third-party breach increases data exposure and compliance risk,Cyber,Vendor Risk,UNKNOWN,"If a third-party breach exposes sensitive data, the organization may face regulatory reporting obligations, financial losses, and reputational harm.",Medium,3,4,12,False,,,,,Medium,2,4,5,4,1,"SECURITY_BREACH affecting UNKNOWN can disrupt Vendor Risk, causing operational delays and recovery complications.",,,Strengthen third-party security requirements | Improve monitoring/detection | Review data minimization and access controls,NIST AC-3; NIST SI-4; NIST SA-9,,"Derived from incident cluster CL-000047. Evidence strength=Medium, evidence_count=2, confidence=Medium. Baseline likelihood/impact assigned using deterministic rubric for SECURITY_BREACH.",Risk signal (Medium): SECURITY_BREACH affecting UNKNOWN in Vendor Risk. Evidence window: 2026-02-23 to 2026-02-23 across 2 source(s). Representative sources: Panera faces multiple lawsuits following data breach - Restaurant Business | Panera faces multiple lawsuits following data breach - Restaurant Business,2026-03-18T19:26:57
RISK-SECURITY_BREACH-UNKNOWN-BBF98AB6,CL-000048,SECURITY_BREACH,UNKNOWN,EV-4E180E1573,Third-party breach increases data exposure and compliance risk,Cyber,Vendor Risk,UNKNOWN,"If a third-party breach exposes sensitive data, the organization may face regulatory reporting obligations, financial losses, and reputational harm.",Weak,2,4,8,False,,,,,Medium,2,4,5,4,1,"SECURITY_BREACH affecting UNKNOWN can disrupt Vendor Risk, causing operational delays and recovery complications.",,,Strengthen third-party security requirements | Improve monitoring/detection | Review data minimization and access controls,NIST AC-3; NIST SI-4; NIST SA-9,,"Derived from incident cluster CL-000048. Evidence strength=Weak, evidence_count=1, confidence=Medium. Baseline likelihood/impact assigned using deterministic rubric for SECURITY_BREACH.",Risk signal (Weak): SECURITY_BREACH affecting UNKNOWN in Vendor Risk. Evidence window: 2026-02-27 to 2026-02-27 across 1 source(s). Representative sources: Europe’s ManoMano Hit: 38M Customer Records Compromised in Vendor Breach - TechRepublic,2026-03-18T19:26:57
RISK-OUTAGE_CLOUD_REGION-CLOUD-3E219A47,CL-000049,OUTAGE_CLOUD_REGION,cloud,"EV-A5BD9B4911,EV-A5BD9B4911",Cloud region outage disrupts hosted workloads,Technology,Physical Infrastructure,cloud,"If a cloud region becomes unavailable, dependent applications may experience outages until failover or recovery is completed.",Medium,3,4,12,False,,,,,Medium,5,4,2,3,1,"OUTAGE_CLOUD_REGION affecting cloud can disrupt Physical Infrastructure, causing operational delays and recovery complications.",,,Implement multi-region failover for critical services | Run regional outage game days | Validate recovery runbooks,NIST CP-10; NIST CP-2; ISO22301 8.4,,"Derived from incident cluster CL-000049. Evidence strength=Medium, evidence_count=2, confidence=Medium. Baseline likelihood/impact assigned using deterministic rubric for OUTAGE_CLOUD_REGION.",Risk signal (Medium): OUTAGE_CLOUD_REGION affecting cloud in Physical Infrastructure. Evidence window: 2026-03-01 to 2026-03-01 across 2 source(s). Representative sources: Amazon Cloud Suffers Outage After ‘Objects’ Hit UAE Data Center - Bloomberg.com | Amazon Cloud Suffers Outage After ‘Objects’ Hit UAE Data Center - Bloomberg.com,2026-03-18T19:26:57
RISK-OUTAGE_CLOUD_REGION-REGION-3FF9228B,CL-000050,OUTAGE_CLOUD_REGION,region,"EV-D290356B1D,EV-D290356B1D",Cloud region outage disrupts hosted workloads,Technology,Physical Infrastructure,region,"If a cloud region becomes unavailable, dependent applications may experience outages until failover or recovery is completed.",Medium,3,4,12,False,,,,,Medium,5,4,2,3,1,"OUTAGE_CLOUD_REGION affecting region can disrupt Physical Infrastructure, causing operational delays and recovery complications.",,,Implement multi-region failover for critical services | Run regional outage game days | Validate recovery runbooks,NIST CP-10; NIST CP-2; ISO22301 8.4,,"Derived from incident cluster CL-000050. Evidence strength=Medium, evidence_count=2, confidence=Medium. Baseline likelihood/impact assigned using deterministic rubric for OUTAGE_CLOUD_REGION.",Risk signal (Medium): OUTAGE_CLOUD_REGION affecting region in Physical Infrastructure. Evidence window: 2026-03-02 to 2026-03-02 across 2 source(s). Representative sources: AWS UAE data center hit by outage following military strikes across the region - TechRadar | AWS UAE data center hit by outage following military strikes across the region - TechRadar,2026-03-18T19:26:57
RISK-SECURITY_RANSOMWARE-UNKNOWN-B3810008,CL-000051,SECURITY_RANSOMWARE,UNKNOWN,"EV-05772ECB78,EV-05772ECB78",Ransomware disrupts operations and recovery capabilities,Cyber,Cybersecurity,UNKNOWN,"If ransomware compromises critical systems, operations may halt and recovery timelines may increase due to containment, restoration, and validation needs.",Medium,3,5,15,True,INC-0006,4.0,5.0,20.0,High,5,4,3,4,1,"SECURITY_RANSOMWARE affecting UNKNOWN can disrupt Cybersecurity, causing operational delays and recovery complications.",,,Harden privileged access | Immutable backups + frequent restore testing | Improve incident response playbooks,NIST IR-4; NIST CP-9; NIST AC-2,,"Derived from incident cluster CL-000051. Evidence strength=Medium, evidence_count=2, confidence=Medium. Baseline likelihood/impact assigned using deterministic rubric for SECURITY_RANSOMWARE. Internal enrichment: matched_outages_last_365d=1, sev1/high/critical=1, refs=INC-0006.",Risk signal (Medium): SECURITY_RANSOMWARE affecting UNKNOWN in Cybersecurity. Evidence window: 2026-03-09 to 2026-03-09 across 2 source(s). Representative sources: Expanding ransomware reach intensifies sector-wide cyber exposure - Insurance Business | Expanding ransomware reach intensifies sector-wide cyber exposure - Insurance Business,2026-03-18T19:26:57
RISK-SECURITY_BREACH-UNKNOWN-BBF98AB6,CL-000052,SECURITY_BREACH,UNKNOWN,"EV-04D69EA898,EV-04D69EA898",Third-party breach increases data exposure and compliance risk,Cyber,Vendor Risk,UNKNOWN,"If a third-party breach exposes sensitive data, the organization may face regulatory reporting obligations, financial losses, and reputational harm.",Medium,3,4,12,False,,,,,Medium,2,4,5,4,1,"SECURITY_BREACH affecting UNKNOWN can disrupt Vendor Risk, causing operational delays and recovery complications.",,,Strengthen third-party security requirements | Improve monitoring/detection | Review data minimization and access controls,NIST AC-3; NIST SI-4; NIST SA-9,,"Derived from incident cluster CL-000052. Evidence strength=Medium, evidence_count=2, confidence=Medium. Baseline likelihood/impact assigned using deterministic rubric for SECURITY_BREACH.",Risk signal (Medium): SECURITY_BREACH affecting UNKNOWN in Vendor Risk. Evidence window: 2026-03-09 to 2026-03-09 across 2 source(s). Representative sources: Ericsson US discloses data breach after service provider hack - BleepingComputer | Ericsson US discloses data breach after service provider hack - BleepingComputer,2026-03-18T19:26:57
RISK-SECURITY_BREACH-UNKNOWN-BBF98AB6,CL-000053,SECURITY_BREACH,UNKNOWN,"EV-255BEB3017,EV-255BEB3017",Third-party breach increases data exposure and compliance risk,Cyber,Vendor Risk,UNKNOWN,"If a third-party breach exposes sensitive data, the organization may face regulatory reporting obligations, financial losses, and reputational harm.",Medium,3,4,12,False,,,,,Medium,2,4,5,4,1,"SECURITY_BREACH affecting UNKNOWN can disrupt Vendor Risk, causing operational delays and recovery complications.",,,Strengthen third-party security requirements | Improve monitoring/detection | Review data minimization and access controls,NIST AC-3; NIST SI-4; NIST SA-9,,"Derived from incident cluster CL-000053. Evidence strength=Medium, evidence_count=2, confidence=Medium. Baseline likelihood/impact assigned using deterministic rubric for SECURITY_BREACH.",Risk signal (Medium): SECURITY_BREACH affecting UNKNOWN in Vendor Risk. Evidence window: 2026-03-09 to 2026-03-09 across 2 source(s). Representative sources: Ericsson US Unit Reports Data Breach Tied To Third-Party Service Provider - crn.com | Ericsson US Unit Reports Data Breach Tied To Third-Party Service Provider - crn.com,2026-03-18T19:26:57
RISK-UNKNOWN-CLOUD-F385B540,CL-000054,UNKNOWN,cloud,"EV-EC625C40BA,EV-EC625C40BA",UNKNOWN risk affects Cloud Infrastructure,Technology,Cloud Infrastructure,cloud,"If UNKNOWN occurs, Cloud Infrastructure may be disrupted.",Medium,3,3,9,False,,,,,Medium,4,3,2,3,1,"UNKNOWN affecting cloud can disrupt Cloud Infrastructure, causing operational delays and recovery complications.",,,Review controls and implement appropriate mitigations,,,"Derived from incident cluster CL-000054. Evidence strength=Medium, evidence_count=2, confidence=Medium. Baseline likelihood/impact assigned using deterministic rubric for UNKNOWN.",Risk signal (Medium): UNKNOWN affecting cloud in Cloud Infrastructure. Evidence window: 2026-03-10 to 2026-03-10 across 2 source(s). Representative sources: Why cloud service outages ripple across the internet – and the economy - The Conversation | Why cloud service outages ripple across the internet – and the economy - The Conversation,2026-03-18T19:26:57
RISK-SECURITY_BREACH-UNKNOWN-BBF98AB6,CL-000055,SECURITY_BREACH,UNKNOWN,"EV-3897261118,EV-3897261118",Third-party breach increases data exposure and compliance risk,Cyber,Vendor Risk,UNKNOWN,"If a third-party breach exposes sensitive data, the organization may face regulatory reporting obligations, financial losses, and reputational harm.",Medium,3,4,12,False,,,,,Medium,2,4,5,4,1,"SECURITY_BREACH affecting UNKNOWN can disrupt Vendor Risk, causing operational delays and recovery complications.",,,Strengthen third-party security requirements | Improve monitoring/detection | Review data minimization and access controls,NIST AC-3; NIST SI-4; NIST SA-9,,"Derived from incident cluster CL-000055. Evidence strength=Medium, evidence_count=2, confidence=Medium. Baseline likelihood/impact assigned using deterministic rubric for SECURITY_BREACH.",Risk signal (Medium): SECURITY_BREACH affecting UNKNOWN in Vendor Risk. Evidence window: 2026-03-10 to 2026-03-10 across 2 source(s). Representative sources: Ericsson breach blamed on third party vendor vishing attack - theregister.com | Ericsson breach blamed on third party vendor vishing attack - theregister.com,2026-03-18T19:26:57
RISK-OUTAGE_APPLICATION-UNKNOWN-E696CE94,CL-000056,OUTAGE_APPLICATION,UNKNOWN,"EV-BCBFD1E7DB,EV-BCBFD1E7DB",Critical application outage disrupts business operations,Technology,Identity & Access Management,UNKNOWN,"If a critical application becomes unavailable, dependent business processes are disrupted, increasing delays and manual workarounds.",Medium,3,4,12,True,INC-0001,4.0,5.0,20.0,High,5,3,2,3,1,"OUTAGE_APPLICATION affecting UNKNOWN can disrupt Identity & Access Management, causing operational delays and recovery complications.",,,Add high-availability design or failover | Improve monitoring and alerting | Validate recovery procedures through tests,NIST CP-2; NIST CP-10; ISO22301 8.4,,"Derived from incident cluster CL-000056. Evidence strength=Medium, evidence_count=2, confidence=Medium. Baseline likelihood/impact assigned using deterministic rubric for OUTAGE_APPLICATION. Internal enrichment: matched_outages_last_365d=1, sev1/high/critical=1, refs=INC-0001.",Risk signal (Medium): OUTAGE_APPLICATION affecting UNKNOWN in Identity & Access Management. Evidence window: 2026-03-11 to 2026-03-11 across 2 source(s). Representative sources: Instagram Down: New Outage Causes Widespread Disruption in Posting and DM Functionality - CyberSecurityNews | Instagram Down: New Outage Causes Widespread Disruption in Posting and DM Functionality - CyberSecurityNews,2026-03-18T19:26:57
RISK-OUTAGE_APPLICATION-UNKNOWN-FD599B62,CL-000057,OUTAGE_APPLICATION,UNKNOWN,EV-83AE99A21B,Critical application outage disrupts business operations,Technology,IT Operations,UNKNOWN,"If a critical application becomes unavailable, dependent business processes are disrupted, increasing delays and manual workarounds.",Weak,2,4,8,False,,,,,Medium,5,3,2,3,1,"OUTAGE_APPLICATION affecting UNKNOWN can disrupt IT Operations, causing operational delays and recovery complications.",,,Add high-availability design or failover | Improve monitoring and alerting | Validate recovery procedures through tests,NIST CP-2; NIST CP-10; ISO22301 8.4,,"Derived from incident cluster CL-000057. Evidence strength=Weak, evidence_count=1, confidence=Medium. Baseline likelihood/impact assigned using deterministic rubric for OUTAGE_APPLICATION.",Risk signal (Weak): OUTAGE_APPLICATION affecting UNKNOWN in IT Operations. Evidence window: 2026-03-11 to 2026-03-11 across 1 source(s). Representative sources: Stryker Cyberattack: Alleged Iran-Linked Group Handala Causes Outage - Newsweek,2026-03-18T19:26:57
RISK-CYBER_OPERATIONAL_DISRUPTION-UNKNOWN-29F36C0D,CL-000058,CYBER_OPERATIONAL_DISRUPTION,UNKNOWN,"EV-B38B86E435,EV-F8AC822EA8",CYBER_OPERATIONAL_DISRUPTION risk affects IT Operations,Technology,IT Operations,UNKNOWN,"If CYBER_OPERATIONAL_DISRUPTION occurs, IT Operations may be disrupted.",Medium,3,3,9,False,,,,,Medium,4,3,2,3,1,"CYBER_OPERATIONAL_DISRUPTION affecting UNKNOWN can disrupt IT Operations, causing operational delays and recovery complications.",,,Review controls and implement appropriate mitigations,,,"Derived from incident cluster CL-000058. Evidence strength=Medium, evidence_count=2, confidence=Medium. Baseline likelihood/impact assigned using deterministic rubric for CYBER_OPERATIONAL_DISRUPTION.",Risk signal (Medium): CYBER_OPERATIONAL_DISRUPTION affecting UNKNOWN in IT Operations. Evidence window: 2026-03-12 to 2026-03-12 across 2 source(s). Representative sources: Stryker Says Cyberattack Disruption Is Continuing - WSJ | Stryker Says Cyberattack Disruption Is Continuing - WSJ,2026-03-18T19:26:57
RISK-SECURITY_BREACH-UNKNOWN-BBF98AB6,CL-000059,SECURITY_BREACH,UNKNOWN,"EV-7C37BAAE67,EV-7C37BAAE67",Third-party breach increases data exposure and compliance risk,Cyber,Vendor Risk,UNKNOWN,"If a third-party breach exposes sensitive data, the organization may face regulatory reporting obligations, financial losses, and reputational harm.",Medium,3,4,12,False,,,,,Medium,2,4,5,4,1,"SECURITY_BREACH affecting UNKNOWN can disrupt Vendor Risk, causing operational delays and recovery complications.",,,Strengthen third-party security requirements | Improve monitoring/detection | Review data minimization and access controls,NIST AC-3; NIST SI-4; NIST SA-9,,"Derived from incident cluster CL-000059. Evidence strength=Medium, evidence_count=2, confidence=Medium. Baseline likelihood/impact assigned using deterministic rubric for SECURITY_BREACH.",Risk signal (Medium): SECURITY_BREACH affecting UNKNOWN in Vendor Risk. Evidence window: 2026-03-13 to 2026-03-13 across 2 source(s). Representative sources: Orthopaedic Institute of Western Kentucky Patients Affected by Vendor Data Breach - The HIPAA Journal | Orthopaedic Institute of Western Kentucky Patients Affected by Vendor Data Breach - The HIPAA Journal,2026-03-18T19:26:57
RISK-SECURITY_BREACH-UNKNOWN-BBF98AB6,CL-000060,SECURITY_BREACH,UNKNOWN,"EV-94A512BB71,EV-94A512BB71",Third-party breach increases data exposure and compliance risk,Cyber,Vendor Risk,UNKNOWN,"If a third-party breach exposes sensitive data, the organization may face regulatory reporting obligations, financial losses, and reputational harm.",Medium,3,4,12,False,,,,,Medium,2,4,5,4,1,"SECURITY_BREACH affecting UNKNOWN can disrupt Vendor Risk, causing operational delays and recovery complications.",,,Strengthen third-party security requirements | Improve monitoring/detection | Review data minimization and access controls,NIST AC-3; NIST SI-4; NIST SA-9,,"Derived from incident cluster CL-000060. Evidence strength=Medium, evidence_count=2, confidence=Medium. Baseline likelihood/impact assigned using deterministic rubric for SECURITY_BREACH.",Risk signal (Medium): SECURITY_BREACH affecting UNKNOWN in Vendor Risk. Evidence window: 2026-03-13 to 2026-03-13 across 2 source(s). Representative sources: Shopify Blames a Compromised Third-Party App for Data Leak - eSecurity Planet | Shopify Blames a Compromised Third-Party App for Data Leak - eSecurity Planet,2026-03-18T19:26:57
RISK-UNKNOWN-ZONE-7BBE8F21,CL-000061,UNKNOWN,zone,EV-E3DDCB9FF9,UNKNOWN risk affects Procurement & Supply Chain,Technology,Procurement & Supply Chain,zone,"If UNKNOWN occurs, Procurement & Supply Chain may be disrupted.",Weak,2,3,6,False,,,,,Low,4,3,2,3,1,"UNKNOWN affecting zone can disrupt Procurement & Supply Chain, causing operational delays and recovery complications.",,,Review controls and implement appropriate mitigations,,,"Derived from incident cluster CL-000061. Evidence strength=Weak, evidence_count=1, confidence=Low. Baseline likelihood/impact assigned using deterministic rubric for UNKNOWN.",Risk signal (Weak): UNKNOWN affecting zone in Procurement & Supply Chain. Evidence window: 2026-03-15 to 2026-03-15 across 1 source(s). Representative sources: LPG supply disruption halts glove production at MedTech Zone unit in Vizag - MSN,2026-03-18T19:26:57
RISK-OUTAGE_NETWORK-NETWORK-C79A7C5B,CL-000062,OUTAGE_NETWORK,network,"EV-B371AE0584,EV-B371AE0584",Network outage disrupts connectivity to critical services,Technology,Cloud Infrastructure,network,"If core network connectivity fails, users and systems may lose access to critical services, disrupting operations and recovery actions.",Medium,3,4,12,True,INC-0005,4.0,5.0,20.0,High,5,3,2,3,1,"OUTAGE_NETWORK affecting network can disrupt Cloud Infrastructure, causing operational delays and recovery complications.",,,Increase network redundancy | Improve failover testing | Add synthetic monitoring for critical paths,NIST CP-2; NIST SC-5; ISO22301 8.4,,"Derived from incident cluster CL-000062. Evidence strength=Medium, evidence_count=2, confidence=Medium. Baseline likelihood/impact assigned using deterministic rubric for OUTAGE_NETWORK. Internal enrichment: matched_outages_last_365d=1, sev1/high/critical=1, refs=INC-0005.",Risk signal (Medium): OUTAGE_NETWORK affecting network in Cloud Infrastructure. Evidence window: 2026-03-17 to 2026-03-17 across 2 source(s). Representative sources: 2026 network outage report and internet health check - Network World | 2026 network outage report and internet health check - Network World,2026-03-18T19:26:57
RISK-SECURITY_BREACH-UNKNOWN-BBF98AB6,CL-000063,SECURITY_BREACH,UNKNOWN,"EV-8BE8BF4D2A,EV-8BE8BF4D2A",Third-party breach increases data exposure and compliance risk,Cyber,Vendor Risk,UNKNOWN,"If a third-party breach exposes sensitive data, the organization may face regulatory reporting obligations, financial losses, and reputational harm.",Medium,3,4,12,False,,,,,Medium,2,4,5,4,1,"SECURITY_BREACH affecting UNKNOWN can disrupt Vendor Risk, causing operational delays and recovery complications.",,,Strengthen third-party security requirements | Improve monitoring/detection | Review data minimization and access controls,NIST AC-3; NIST SI-4; NIST SA-9,,"Derived from incident cluster CL-000063. Evidence strength=Medium, evidence_count=2, confidence=Medium. Baseline likelihood/impact assigned using deterministic rubric for SECURITY_BREACH.",Risk signal (Medium): SECURITY_BREACH affecting UNKNOWN in Vendor Risk. Evidence window: 2026-03-17 to 2026-03-17 across 2 source(s). Representative sources: CommonSpirit Health Patients Affected by Vendor Data Breach - The HIPAA Journal | CommonSpirit Health Patients Affected by Vendor Data Breach - The HIPAA Journal,2026-03-18T19:26:57
