cluster_id,incident_title,event_type,business_function,primary_asset,scenario_title,scenario_statement,operational_impact,recovery_focus,evidence_count,evidence_strength,testing_candidate_flag,documentation_update_flag,runbook_review_flag,last_updated,likelihood,impact,similarity,final_score
CL-000073,AWS Outage Highlights Cloud Dependency Risks in Supply Chains - Logistics Viewpoints,OUTAGE_CLOUD_REGION,Distribution Operations,cloud,Cloud regional outage disrupts hosted services,"If OUTAGE_CLOUD_REGION occurs affecting cloud, applications hosted in the region become unavailable.",Applications hosted in the region become unavailable,"Failover to alternate region, restore services, validate connectivity",1,Weak,True,True,True,2026-04-28T15:39:17.285733,1,4,4,16
CL-000086,TRACKING RANSOMWARE : OCTOBER 2025 - cyfirma,SECURITY_RANSOMWARE,Cybersecurity,UNKNOWN,Ransomware disrupts operations and recovery capability,"If SECURITY_RANSOMWARE occurs affecting UNKNOWN, systems become unavailable, operations halt, recovery timelines increase.","Systems become unavailable, operations halt, recovery timelines increase","Restore from backup, validate integrity, rebuild systems, isolate network",1,Weak,True,True,True,2026-04-28T15:39:17.299069,1,5,3,15
CL-000025,No title available,SECURITY_RANSOMWARE,Security Operations,UNKNOWN,Ransomware disrupts operations and recovery capability,"If SECURITY_RANSOMWARE occurs affecting UNKNOWN, systems become unavailable, operations halt, recovery timelines increase.","Systems become unavailable, operations halt, recovery timelines increase","Restore from backup, validate integrity, rebuild systems, isolate network",1,Weak,True,True,True,2026-04-28T15:39:17.260765,1,5,3,15
CL-000062,The Fight Against Ransomware Heats Up on the Factory Floor - Dark Reading,SECURITY_RANSOMWARE,Cybersecurity,UNKNOWN,Ransomware disrupts operations and recovery capability,"If SECURITY_RANSOMWARE occurs affecting UNKNOWN, systems become unavailable, operations halt, recovery timelines increase.","Systems become unavailable, operations halt, recovery timelines increase","Restore from backup, validate integrity, rebuild systems, isolate network",1,Weak,True,True,True,2026-04-28T15:39:17.280643,1,5,3,15
CL-000061,"Asahi Group Holdings Ransomware Attack 2025: Digital Order System Disrupted, Nationwide Beer Shortage in Japan - Rescana",SECURITY_RANSOMWARE,Cybersecurity,systems,Ransomware disrupts operations and recovery capability,"If SECURITY_RANSOMWARE occurs affecting systems, systems become unavailable, operations halt, recovery timelines increase.","Systems become unavailable, operations halt, recovery timelines increase","Restore from backup, validate integrity, rebuild systems, isolate network",1,Weak,True,True,True,2026-04-28T15:39:17.280150,1,5,3,15
CL-000145,Top 10 ransomware targets by industry - TechTarget,SECURITY_RANSOMWARE,Cybersecurity,UNKNOWN,Ransomware disrupts operations and recovery capability,"If SECURITY_RANSOMWARE occurs affecting UNKNOWN, systems become unavailable, operations halt, recovery timelines increase.","Systems become unavailable, operations halt, recovery timelines increase","Restore from backup, validate integrity, rebuild systems, isolate network",1,Weak,True,True,True,2026-04-28T15:39:17.330155,1,5,3,15
CL-000109,"Ransomware surge intensifies across industrial sectors, with manufacturing accounting for 72% of Q3 cases - Industrial Cyber",SECURITY_RANSOMWARE,Cybersecurity,UNKNOWN,Ransomware disrupts operations and recovery capability,"If SECURITY_RANSOMWARE occurs affecting UNKNOWN, systems become unavailable, operations halt, recovery timelines increase.","Systems become unavailable, operations halt, recovery timelines increase","Restore from backup, validate integrity, rebuild systems, isolate network",1,Weak,True,True,True,2026-04-28T15:39:17.311701,1,5,3,15
CL-000169,Expanding ransomware reach intensifies sector-wide cyber exposure - Insurance Business,SECURITY_RANSOMWARE,Cybersecurity,UNKNOWN,Ransomware disrupts operations and recovery capability,"If SECURITY_RANSOMWARE occurs affecting UNKNOWN, systems become unavailable, operations halt, recovery timelines increase.","Systems become unavailable, operations halt, recovery timelines increase","Restore from backup, validate integrity, rebuild systems, isolate network",1,Weak,True,True,True,2026-04-28T15:39:17.342124,1,5,3,15
CL-000142,Azure outage disrupts VMs and identity services for over 10 hours - Network World,OUTAGE_IDENTITY,Cloud Infrastructure,identity,Identity service outage disrupts workforce access,"If OUTAGE_IDENTITY occurs affecting identity, users cannot access systems, operations slow or stop.","Users cannot access systems, operations slow or stop","Restore identity services, enable break-glass access, validate authentication paths",1,Weak,True,True,True,2026-04-28T15:39:17.328729,1,5,3,15
CL-000066,"Amazon cloud computing outage disrupts Snapchat, Ring and many other online services - PBS",OUTAGE_CLOUD_REGION,Cloud Infrastructure,cloud,Cloud regional outage disrupts hosted services,"If OUTAGE_CLOUD_REGION occurs affecting cloud, applications hosted in the region become unavailable.",Applications hosted in the region become unavailable,"Failover to alternate region, restore services, validate connectivity",1,Weak,True,True,True,2026-04-28T15:39:17.282639,1,4,3,12
CL-000075,Amazon says AWS cloud service back to normal after outage disrupts businesses worldwide - Reuters,OUTAGE_CLOUD_REGION,Cloud Infrastructure,cloud,Cloud regional outage disrupts hosted services,"If OUTAGE_CLOUD_REGION occurs affecting cloud, applications hosted in the region become unavailable.",Applications hosted in the region become unavailable,"Failover to alternate region, restore services, validate connectivity",1,Weak,True,True,True,2026-04-28T15:39:17.286715,1,4,3,12
CL-000122,No title available,OUTAGE_CLOUD_REGION,Cloud Infrastructure,cloud,Cloud regional outage disrupts hosted services,"If OUTAGE_CLOUD_REGION occurs affecting cloud, applications hosted in the region become unavailable.",Applications hosted in the region become unavailable,"Failover to alternate region, restore services, validate connectivity",1,Weak,True,True,True,2026-04-28T15:39:17.318489,1,4,3,12
CL-000160,AWS UAE data center hit by outage following military strikes across the region - TechRadar,OUTAGE_CLOUD_REGION,Physical Infrastructure,region,Cloud regional outage disrupts hosted services,"If OUTAGE_CLOUD_REGION occurs affecting region, applications hosted in the region become unavailable.",Applications hosted in the region become unavailable,"Failover to alternate region, restore services, validate connectivity",1,Weak,True,True,True,2026-04-28T15:39:17.337974,1,4,3,12
CL-000172,No title available,OUTAGE_CLOUD_REGION,Cloud Infrastructure,cloud,Cloud regional outage disrupts hosted services,"If OUTAGE_CLOUD_REGION occurs affecting cloud, applications hosted in the region become unavailable.",Applications hosted in the region become unavailable,"Failover to alternate region, restore services, validate connectivity",1,Weak,True,True,True,2026-04-28T15:39:17.343345,1,4,3,12
CL-000217,No title available,OUTAGE_CLOUD_REGION,Cloud Infrastructure,cloud,Cloud regional outage disrupts hosted services,"If OUTAGE_CLOUD_REGION occurs affecting cloud, applications hosted in the region become unavailable.",Applications hosted in the region become unavailable,"Failover to alternate region, restore services, validate connectivity",1,Weak,True,True,True,2026-04-28T15:39:17.364764,1,4,3,12
CL-000024,No title available,OUTAGE_CLOUD_REGION,Identity & Access Management,cloud,Cloud regional outage disrupts hosted services,"If OUTAGE_CLOUD_REGION occurs affecting cloud, applications hosted in the region become unavailable.",Applications hosted in the region become unavailable,"Failover to alternate region, restore services, validate connectivity",1,Weak,True,True,True,2026-04-28T15:39:17.260365,1,4,3,12
CL-000074,AWS October 2025 Outage: What Financial Executives Must Learn About Cloud Risk Management - Financial Executives International,OUTAGE_CLOUD_REGION,Order Processing,cloud,Cloud regional outage disrupts hosted services,"If OUTAGE_CLOUD_REGION occurs affecting cloud, applications hosted in the region become unavailable.",Applications hosted in the region become unavailable,"Failover to alternate region, restore services, validate connectivity",1,Weak,True,True,True,2026-04-28T15:39:17.286240,1,4,3,12
CL-000213,No title available,OUTAGE_CLOUD_REGION,Cloud Infrastructure,cloud,Cloud regional outage disrupts hosted services,"If OUTAGE_CLOUD_REGION occurs affecting cloud, applications hosted in the region become unavailable.",Applications hosted in the region become unavailable,"Failover to alternate region, restore services, validate connectivity",1,Weak,True,True,True,2026-04-28T15:39:17.363381,1,4,3,12
CL-000216,No title available,OUTAGE_CLOUD_REGION,Cloud Infrastructure,cloud,Cloud regional outage disrupts hosted services,"If OUTAGE_CLOUD_REGION occurs affecting cloud, applications hosted in the region become unavailable.",Applications hosted in the region become unavailable,"Failover to alternate region, restore services, validate connectivity",1,Weak,True,True,True,2026-04-28T15:39:17.364414,1,4,3,12
CL-000008,No title available,OUTAGE_CLOUD_REGION,Order Processing,cloud,Cloud regional outage disrupts hosted services,"If OUTAGE_CLOUD_REGION occurs affecting cloud, applications hosted in the region become unavailable.",Applications hosted in the region become unavailable,"Failover to alternate region, restore services, validate connectivity",1,Weak,True,True,True,2026-04-28T15:39:17.252900,1,4,3,12
CL-000007,Oracle Cloud and NetSuite hit by global outage - Techzine Global,OUTAGE_CLOUD_REGION,Order Processing,cloud,Cloud regional outage disrupts hosted services,"If OUTAGE_CLOUD_REGION occurs affecting cloud, applications hosted in the region become unavailable.",Applications hosted in the region become unavailable,"Failover to alternate region, restore services, validate connectivity",1,Weak,True,True,True,2026-04-28T15:39:17.252495,1,4,3,12
CL-000194,No title available,OUTAGE_APPLICATION,Vendor Risk,applications,Critical application outage disrupts business operations,"If OUTAGE_APPLICATION occurs affecting applications, business processes are interrupted.",Business processes are interrupted,"Restart or restore application, validate integrations",2,Medium,True,True,True,2026-04-28T15:39:17.355132,3,3,1,9
CL-000035,No title available,OUTAGE_APPLICATION,Distribution Operations,applications,Critical application outage disrupts business operations,"If OUTAGE_APPLICATION occurs affecting applications, business processes are interrupted.",Business processes are interrupted,"Restart or restore application, validate integrations",1,Weak,True,True,True,2026-04-28T15:39:17.265218,1,3,2,6
CL-000206,Why maximum tolerable downtime is a key business metric - TechTarget,OUTAGE_APPLICATION,Distribution Operations,applications,Critical application outage disrupts business operations,"If OUTAGE_APPLICATION occurs affecting applications, business processes are interrupted.",Business processes are interrupted,"Restart or restore application, validate integrations",1,Weak,True,True,True,2026-04-28T15:39:17.360535,1,3,2,6
CL-000079,AWS outage disrupts logistics platforms - Transport Intelligence,OUTAGE_APPLICATION,Distribution Operations,applications,Critical application outage disrupts business operations,"If OUTAGE_APPLICATION occurs affecting applications, business processes are interrupted.",Business processes are interrupted,"Restart or restore application, validate integrations",1,Weak,True,True,True,2026-04-28T15:39:17.291080,1,3,2,6
CL-000081,No title available,OUTAGE_APPLICATION,Distribution Operations,endpoints,Critical application outage disrupts business operations,"If OUTAGE_APPLICATION occurs affecting endpoints, business processes are interrupted.",Business processes are interrupted,"Restart or restore application, validate integrations",1,Weak,True,True,True,2026-04-28T15:39:17.292808,1,3,2,6
CL-000196,Warehouses face $100K-hour downtime risk as cloud outages mount - FreightWaves,OUTAGE_APPLICATION,Distribution Operations,cloud,Critical application outage disrupts business operations,"If OUTAGE_APPLICATION occurs affecting cloud, business processes are interrupted.",Business processes are interrupted,"Restart or restore application, validate integrations",1,Weak,True,True,True,2026-04-28T15:39:17.356128,1,3,2,6
CL-000130,Verizon outage: Analysts and more weigh in - Fierce Network,OUTAGE_NETWORK,Network Infrastructure,network,Network outage disrupts connectivity,"If OUTAGE_NETWORK occurs affecting network, systems and users lose access to services.",Systems and users lose access to services,"Restore network paths, reroute traffic, validate connectivity",1,Weak,True,True,True,2026-04-28T15:39:17.323218,1,4,1,4
CL-000096,No title available,OUTAGE_NETWORK,Transportation & Logistics,network,Network outage disrupts connectivity,"If OUTAGE_NETWORK occurs affecting network, systems and users lose access to services.",Systems and users lose access to services,"Restore network paths, reroute traffic, validate connectivity",1,Weak,True,True,True,2026-04-28T15:39:17.305739,1,4,1,4
CL-000132,"The Verizon outage reveals the end of five-nine network reliability, and it could happen again - PhoneArena",OUTAGE_NETWORK,Network Infrastructure,network,Network outage disrupts connectivity,"If OUTAGE_NETWORK occurs affecting network, systems and users lose access to services.",Systems and users lose access to services,"Restore network paths, reroute traffic, validate connectivity",1,Weak,True,True,True,2026-04-28T15:39:17.324059,1,4,1,4
CL-000042,No title available,OUTAGE_NETWORK,Order Processing,network,Network outage disrupts connectivity,"If OUTAGE_NETWORK occurs affecting network, systems and users lose access to services.",Systems and users lose access to services,"Restore network paths, reroute traffic, validate connectivity",1,Weak,True,True,True,2026-04-28T15:39:17.269463,1,4,1,4
CL-000033,SpaceX probes for cause of Starlink's global satellite network outage - Reuters,OUTAGE_NETWORK,Network Infrastructure,network,Network outage disrupts connectivity,"If OUTAGE_NETWORK occurs affecting network, systems and users lose access to services.",Systems and users lose access to services,"Restore network paths, reroute traffic, validate connectivity",1,Weak,True,True,True,2026-04-28T15:39:17.264330,1,4,1,4
CL-000064,Verizon Wireless Network Outage Affects a Number of U.S. Cities - Inside Towers,OUTAGE_NETWORK,Network Infrastructure,network,Network outage disrupts connectivity,"If OUTAGE_NETWORK occurs affecting network, systems and users lose access to services.",Systems and users lose access to services,"Restore network paths, reroute traffic, validate connectivity",1,Weak,True,True,True,2026-04-28T15:39:17.281662,1,4,1,4
CL-000102,Frantic Friday: Network Outage Brings Delta's Detroit Hub To A Halt - Simple Flying,OUTAGE_NETWORK,Supplier Integration,network,Network outage disrupts connectivity,"If OUTAGE_NETWORK occurs affecting network, systems and users lose access to services.",Systems and users lose access to services,"Restore network paths, reroute traffic, validate connectivity",1,Weak,True,True,True,2026-04-28T15:39:17.308488,1,4,1,4
CL-000212,2026 network outage report and internet health check - Network World,OUTAGE_NETWORK,Cloud Infrastructure,network,Network outage disrupts connectivity,"If OUTAGE_NETWORK occurs affecting network, systems and users lose access to services.",Systems and users lose access to services,"Restore network paths, reroute traffic, validate connectivity",1,Weak,True,True,True,2026-04-28T15:39:17.363022,1,4,1,4
CL-000015,No title available,UNKNOWN,Compliance & Governance,UNKNOWN,UNKNOWN impacts Compliance & Governance,"If UNKNOWN occurs affecting UNKNOWN, potential disruption to compliance & governance.",Potential disruption to Compliance & Governance,Investigate recovery procedures,1,Weak,False,True,True,2026-04-28T15:39:17.255769,1,3,1,3
CL-000014,No title available,UNKNOWN,Security Operations,UNKNOWN,UNKNOWN impacts Security Operations,"If UNKNOWN occurs affecting UNKNOWN, potential disruption to security operations.",Potential disruption to Security Operations,Investigate recovery procedures,1,Weak,False,True,True,2026-04-28T15:39:17.255399,1,3,1,3
CL-000017,No title available,UNKNOWN,Distribution Operations,UNKNOWN,UNKNOWN impacts Distribution Operations,"If UNKNOWN occurs affecting UNKNOWN, potential disruption to distribution operations.",Potential disruption to Distribution Operations,Investigate recovery procedures,1,Weak,False,True,True,2026-04-28T15:39:17.257184,1,3,1,3
CL-000016,RFID Solutions Attract Attention for Medication Inventory Management - American Hospital Association,UNKNOWN,Distribution Operations,UNKNOWN,UNKNOWN impacts Distribution Operations,"If UNKNOWN occurs affecting UNKNOWN, potential disruption to distribution operations.",Potential disruption to Distribution Operations,Investigate recovery procedures,1,Weak,False,True,True,2026-04-28T15:39:17.256507,1,3,1,3
CL-000013,No title available,OUTAGE_APPLICATION,Supplier Integration,applications,Critical application outage disrupts business operations,"If OUTAGE_APPLICATION occurs affecting applications, business processes are interrupted.",Business processes are interrupted,"Restart or restore application, validate integrations",1,Weak,True,True,True,2026-04-28T15:39:17.255036,1,3,1,3
CL-000030,How to get a risk management job in banking and finance - eFinancialCareers,UNKNOWN,Order Processing,UNKNOWN,UNKNOWN impacts Order Processing,"If UNKNOWN occurs affecting UNKNOWN, potential disruption to order processing.",Potential disruption to Order Processing,Investigate recovery procedures,1,Weak,False,True,True,2026-04-28T15:39:17.262989,1,3,1,3
CL-000018,No title available,OUTAGE_APPLICATION,Identity & Access Management,applications,Critical application outage disrupts business operations,"If OUTAGE_APPLICATION occurs affecting applications, business processes are interrupted.",Business processes are interrupted,"Restart or restore application, validate integrations",1,Weak,True,True,True,2026-04-28T15:39:17.257587,1,3,1,3
CL-000019,No title available,UNKNOWN,Physical Infrastructure,UNKNOWN,UNKNOWN impacts Physical Infrastructure,"If UNKNOWN occurs affecting UNKNOWN, potential disruption to physical infrastructure.",Potential disruption to Physical Infrastructure,Investigate recovery procedures,1,Weak,False,True,True,2026-04-28T15:39:17.257975,1,3,1,3
CL-000027,No title available,UNKNOWN,Network Infrastructure,UNKNOWN,UNKNOWN impacts Network Infrastructure,"If UNKNOWN occurs affecting UNKNOWN, potential disruption to network infrastructure.",Potential disruption to Network Infrastructure,Investigate recovery procedures,1,Weak,False,True,True,2026-04-28T15:39:17.261640,1,3,1,3
CL-000026,Dundee University bosses quit after damning report into financial collapse - BBC,UNKNOWN,Order Processing,UNKNOWN,UNKNOWN impacts Order Processing,"If UNKNOWN occurs affecting UNKNOWN, potential disruption to order processing.",Potential disruption to Order Processing,Investigate recovery procedures,1,Weak,False,True,True,2026-04-28T15:39:17.261255,1,3,1,3
CL-000022,Linux wiper malware hidden in malicious Go modules on GitHub - BleepingComputer,DESTRUCTIVE_CYBER_ATTACK,Security Operations,systems,DESTRUCTIVE_CYBER_ATTACK impacts Security Operations,"If DESTRUCTIVE_CYBER_ATTACK occurs affecting systems, potential disruption to security operations.",Potential disruption to Security Operations,Investigate recovery procedures,1,Weak,False,True,True,2026-04-28T15:39:17.259523,1,3,1,3
CL-000023,12 notable ERP implementation failures and why they failed - TechTarget,UNKNOWN,Order Processing,erp,UNKNOWN impacts Order Processing,"If UNKNOWN occurs affecting erp, potential disruption to order processing.",Potential disruption to Order Processing,Investigate recovery procedures,1,Weak,False,True,True,2026-04-28T15:39:17.260006,1,3,1,3
CL-000021,Malicious Go Modules Deliver Disk-Wiping Linux Malware in Advanced Supply Chain Attack - The Hacker News,UNKNOWN,Security Operations,UNKNOWN,UNKNOWN impacts Security Operations,"If UNKNOWN occurs affecting UNKNOWN, potential disruption to security operations.",Potential disruption to Security Operations,Investigate recovery procedures,1,Weak,False,True,True,2026-04-28T15:39:17.259017,1,3,1,3
CL-000020,Don’t blame renewables for Spain’s power outage - Reuters,OUTAGE_APPLICATION,Identity & Access Management,applications,Critical application outage disrupts business operations,"If OUTAGE_APPLICATION occurs affecting applications, business processes are interrupted.",Business processes are interrupted,"Restart or restore application, validate integrations",1,Weak,True,True,True,2026-04-28T15:39:17.258494,1,3,1,3
CL-000032,No title available,UNKNOWN,Compliance & Governance,UNKNOWN,UNKNOWN impacts Compliance & Governance,"If UNKNOWN occurs affecting UNKNOWN, potential disruption to compliance & governance.",Potential disruption to Compliance & Governance,Investigate recovery procedures,1,Weak,False,True,True,2026-04-28T15:39:17.263855,1,3,1,3
CL-000029,No title available,UNKNOWN,Procurement & Supply Chain,UNKNOWN,UNKNOWN impacts Procurement & Supply Chain,"If UNKNOWN occurs affecting UNKNOWN, potential disruption to procurement & supply chain.",Potential disruption to Procurement & Supply Chain,Investigate recovery procedures,1,Weak,False,True,True,2026-04-28T15:39:17.262484,1,3,1,3
CL-000034,Elon Musk ‘sorry’ after Starlink satellite internet suffers global outage - Al Jazeera,OUTAGE_APPLICATION,Network Infrastructure,applications,Critical application outage disrupts business operations,"If OUTAGE_APPLICATION occurs affecting applications, business processes are interrupted.",Business processes are interrupted,"Restart or restore application, validate integrations",1,Weak,True,True,True,2026-04-28T15:39:17.264858,1,3,1,3
CL-000036,No title available,UNKNOWN,Cybersecurity,systems,UNKNOWN impacts Cybersecurity,"If UNKNOWN occurs affecting systems, potential disruption to cybersecurity.",Potential disruption to Cybersecurity,Investigate recovery procedures,1,Weak,False,True,True,2026-04-28T15:39:17.265568,1,3,1,3
CL-000038,No title available,UNKNOWN,Compliance & Governance,UNKNOWN,UNKNOWN impacts Compliance & Governance,"If UNKNOWN occurs affecting UNKNOWN, potential disruption to compliance & governance.",Potential disruption to Compliance & Governance,Investigate recovery procedures,1,Weak,False,True,True,2026-04-28T15:39:17.266849,1,3,1,3
CL-000037,Windows 10 End-of-Life: What It Means for HIPAA Compliance and Patient Data Security - HIT Consultant,UNKNOWN,Compliance & Governance,UNKNOWN,UNKNOWN impacts Compliance & Governance,"If UNKNOWN occurs affecting UNKNOWN, potential disruption to compliance & governance.",Potential disruption to Compliance & Governance,Investigate recovery procedures,1,Weak,False,True,True,2026-04-28T15:39:17.266377,1,3,1,3
CL-000039,Musk's Starlink suffers apparent outage as SpaceX launches more satellites - CNBC,OUTAGE_APPLICATION,Network Infrastructure,applications,Critical application outage disrupts business operations,"If OUTAGE_APPLICATION occurs affecting applications, business processes are interrupted.",Business processes are interrupted,"Restart or restore application, validate integrations",1,Weak,True,True,True,2026-04-28T15:39:17.268140,1,3,1,3
CL-000040,State network begins to come back online after second day of failures - South Dakota Searchlight,UNKNOWN,Network Infrastructure,network,UNKNOWN impacts Network Infrastructure,"If UNKNOWN occurs affecting network, potential disruption to network infrastructure.",Potential disruption to Network Infrastructure,Investigate recovery procedures,1,Weak,False,True,True,2026-04-28T15:39:17.268718,1,3,1,3
CL-000041,No title available,UNKNOWN,Cybersecurity,UNKNOWN,UNKNOWN impacts Cybersecurity,"If UNKNOWN occurs affecting UNKNOWN, potential disruption to cybersecurity.",Potential disruption to Cybersecurity,Investigate recovery procedures,1,Weak,False,True,True,2026-04-28T15:39:17.269102,1,3,1,3
CL-000043,"Managing time and attendance: Update to Kronos transition plan, system outage scheduled - Clemson News",OUTAGE_APPLICATION,Order Processing,systems,Critical application outage disrupts business operations,"If OUTAGE_APPLICATION occurs affecting systems, business processes are interrupted.",Business processes are interrupted,"Restart or restore application, validate integrations",1,Weak,True,True,True,2026-04-28T15:39:17.270039,1,3,1,3
CL-000059,No title available,UNKNOWN,Distribution Operations,wms,UNKNOWN impacts Distribution Operations,"If UNKNOWN occurs affecting wms, potential disruption to distribution operations.",Potential disruption to Distribution Operations,Investigate recovery procedures,1,Weak,False,True,True,2026-04-28T15:39:17.279128,1,3,1,3
CL-000058,No title available,SECURITY_BREACH,Vendor Risk,UNKNOWN,SECURITY_BREACH impacts Vendor Risk,"If SECURITY_BREACH occurs affecting UNKNOWN, potential disruption to vendor risk.",Potential disruption to Vendor Risk,Investigate recovery procedures,1,Weak,True,True,True,2026-04-28T15:39:17.278768,1,3,1,3
CL-000057,Asahi Cyber Attack: A Warning for Manufacturing OT Security - Manufacturing Digital,CYBER_OPERATIONAL_DISRUPTION,IT Operations,UNKNOWN,CYBER_OPERATIONAL_DISRUPTION impacts IT Operations,"If CYBER_OPERATIONAL_DISRUPTION occurs affecting UNKNOWN, potential disruption to it operations.",Potential disruption to IT Operations,Investigate recovery procedures,1,Weak,False,True,True,2026-04-28T15:39:17.278376,1,3,1,3
CL-000056,"Cyberattack halts Asahi production, disrupts Japan’s beer supply - TradingView",UNKNOWN,IT Operations,UNKNOWN,UNKNOWN impacts IT Operations,"If UNKNOWN occurs affecting UNKNOWN, potential disruption to it operations.",Potential disruption to IT Operations,Investigate recovery procedures,1,Weak,False,True,True,2026-04-28T15:39:17.277864,1,3,1,3
CL-000055,Border services’ kiosk outage resolved at Canadian airports - CityNews Edmonton,OUTAGE_APPLICATION,Supplier Integration,applications,Critical application outage disrupts business operations,"If OUTAGE_APPLICATION occurs affecting applications, business processes are interrupted.",Business processes are interrupted,"Restart or restore application, validate integrations",1,Weak,True,True,True,2026-04-28T15:39:17.277339,1,3,1,3
CL-000054,Brewer Asahi suspends domestic operations after cyberattack disrupts ordering and shipping - Industrial Cyber,CYBER_OPERATIONAL_DISRUPTION,IT Operations,UNKNOWN,CYBER_OPERATIONAL_DISRUPTION impacts IT Operations,"If CYBER_OPERATIONAL_DISRUPTION occurs affecting UNKNOWN, potential disruption to it operations.",Potential disruption to IT Operations,Investigate recovery procedures,1,Weak,False,True,True,2026-04-28T15:39:17.276754,1,3,1,3
CL-000053,No title available,CYBER_OPERATIONAL_DISRUPTION,IT Operations,UNKNOWN,CYBER_OPERATIONAL_DISRUPTION impacts IT Operations,"If CYBER_OPERATIONAL_DISRUPTION occurs affecting UNKNOWN, potential disruption to it operations.",Potential disruption to IT Operations,Investigate recovery procedures,1,Weak,False,True,True,2026-04-28T15:39:17.276189,1,3,1,3
CL-000052,"European airports snarled by cyberattack, disruption to stretch into Sunday - Reuters",CYBER_OPERATIONAL_DISRUPTION,IT Operations,UNKNOWN,CYBER_OPERATIONAL_DISRUPTION impacts IT Operations,"If CYBER_OPERATIONAL_DISRUPTION occurs affecting UNKNOWN, potential disruption to it operations.",Potential disruption to IT Operations,Investigate recovery procedures,1,Weak,False,True,True,2026-04-28T15:39:17.275639,1,3,1,3
CL-000051,No title available,UNKNOWN,Compliance & Governance,UNKNOWN,UNKNOWN impacts Compliance & Governance,"If UNKNOWN occurs affecting UNKNOWN, potential disruption to compliance & governance.",Potential disruption to Compliance & Governance,Investigate recovery procedures,1,Weak,False,True,True,2026-04-28T15:39:17.274712,1,3,1,3
CL-000050,"Jaguar Land Rover cyberattack deepens, with prolonged production outage, supply chain fallout - Industrial Cyber",OUTAGE_APPLICATION,IT Operations,applications,Critical application outage disrupts business operations,"If OUTAGE_APPLICATION occurs affecting applications, business processes are interrupted.",Business processes are interrupted,"Restart or restore application, validate integrations",1,Weak,True,True,True,2026-04-28T15:39:17.274174,1,3,1,3
CL-000067,AWS services recover after daylong outage hits major sites - CNBC,OUTAGE_APPLICATION,Cloud Infrastructure,applications,Critical application outage disrupts business operations,"If OUTAGE_APPLICATION occurs affecting applications, business processes are interrupted.",Business processes are interrupted,"Restart or restore application, validate integrations",1,Weak,True,True,True,2026-04-28T15:39:17.283138,1,3,1,3
CL-000068,No title available,OUTAGE_APPLICATION,Cloud Infrastructure,applications,Critical application outage disrupts business operations,"If OUTAGE_APPLICATION occurs affecting applications, business processes are interrupted.",Business processes are interrupted,"Restart or restore application, validate integrations",1,Weak,True,True,True,2026-04-28T15:39:17.283494,1,3,1,3
CL-000071,Are Cybercriminals Targeting Transport and Supply Chains? - Cyber Magazine,UNKNOWN,Cybersecurity,UNKNOWN,UNKNOWN impacts Cybersecurity,"If UNKNOWN occurs affecting UNKNOWN, potential disruption to cybersecurity.",Potential disruption to Cybersecurity,Investigate recovery procedures,1,Weak,False,True,True,2026-04-28T15:39:17.284888,1,3,1,3
CL-000065,AWS services recover after daylong outage hits major sites - CNBC,OUTAGE_APPLICATION,Transportation & Logistics,applications,Critical application outage disrupts business operations,"If OUTAGE_APPLICATION occurs affecting applications, business processes are interrupted.",Business processes are interrupted,"Restart or restore application, validate integrations",1,Weak,True,True,True,2026-04-28T15:39:17.282156,1,3,1,3
CL-000031,Starlink outage: Service returns after over two hours down - Engadget,OUTAGE_APPLICATION,Network Infrastructure,applications,Critical application outage disrupts business operations,"If OUTAGE_APPLICATION occurs affecting applications, business processes are interrupted.",Business processes are interrupted,"Restart or restore application, validate integrations",1,Weak,True,True,True,2026-04-28T15:39:17.263497,1,3,1,3
CL-000028,Editorials: Top 16 Warehouse Automation Trends to Know | Cyngn - A3 Association for Advancing Automation,UNKNOWN,Distribution Operations,UNKNOWN,UNKNOWN impacts Distribution Operations,"If UNKNOWN occurs affecting UNKNOWN, potential disruption to distribution operations.",Potential disruption to Distribution Operations,Investigate recovery procedures,1,Weak,False,True,True,2026-04-28T15:39:17.262132,1,3,1,3
CL-000044,"Managing time and attendance: Update to Kronos transition plan, system outage scheduled - Clemson News",OUTAGE_APPLICATION,Identity & Access Management,systems,Critical application outage disrupts business operations,"If OUTAGE_APPLICATION occurs affecting systems, business processes are interrupted.",Business processes are interrupted,"Restart or restore application, validate integrations",1,Weak,True,True,True,2026-04-28T15:39:17.270568,1,3,1,3
CL-000045,No title available,UNKNOWN,Cybersecurity,UNKNOWN,UNKNOWN impacts Cybersecurity,"If UNKNOWN occurs affecting UNKNOWN, potential disruption to cybersecurity.",Potential disruption to Cybersecurity,Investigate recovery procedures,1,Weak,False,True,True,2026-04-28T15:39:17.270937,1,3,1,3
CL-000046,No title available,CYBER_OPERATIONAL_DISRUPTION,IT Operations,systems,CYBER_OPERATIONAL_DISRUPTION impacts IT Operations,"If CYBER_OPERATIONAL_DISRUPTION occurs affecting systems, potential disruption to it operations.",Potential disruption to IT Operations,Investigate recovery procedures,1,Weak,False,True,True,2026-04-28T15:39:17.271290,1,3,1,3
CL-000047,No title available,UNKNOWN,IT Operations,UNKNOWN,UNKNOWN impacts IT Operations,"If UNKNOWN occurs affecting UNKNOWN, potential disruption to it operations.",Potential disruption to IT Operations,Investigate recovery procedures,1,Weak,False,True,True,2026-04-28T15:39:17.271742,1,3,1,3
CL-000048,Disruption to Jaguar Land Rover after cyber-attack may last until October - The Guardian,CYBER_OPERATIONAL_DISRUPTION,IT Operations,UNKNOWN,CYBER_OPERATIONAL_DISRUPTION impacts IT Operations,"If CYBER_OPERATIONAL_DISRUPTION occurs affecting UNKNOWN, potential disruption to it operations.",Potential disruption to IT Operations,Investigate recovery procedures,1,Weak,False,True,True,2026-04-28T15:39:17.272670,1,3,1,3
CL-000049,DKSH Modernises Distribution Operations with Major Technology Upgrade - Nation Thailand,UNKNOWN,Distribution Operations,UNKNOWN,UNKNOWN impacts Distribution Operations,"If UNKNOWN occurs affecting UNKNOWN, potential disruption to distribution operations.",Potential disruption to Distribution Operations,Investigate recovery procedures,1,Weak,False,True,True,2026-04-28T15:39:17.273431,1,3,1,3
CL-000012,No title available,OUTAGE_APPLICATION,Network Infrastructure,applications,Critical application outage disrupts business operations,"If OUTAGE_APPLICATION occurs affecting applications, business processes are interrupted.",Business processes are interrupted,"Restart or restore application, validate integrations",1,Weak,True,True,True,2026-04-28T15:39:17.254677,1,3,1,3
CL-000010,Warehouse drones scan codes to help track inventory - Indianapolis Business Journal,UNKNOWN,Distribution Operations,UNKNOWN,UNKNOWN impacts Distribution Operations,"If UNKNOWN occurs affecting UNKNOWN, potential disruption to distribution operations.",Potential disruption to Distribution Operations,Investigate recovery procedures,1,Weak,False,True,True,2026-04-28T15:39:17.253906,1,3,1,3
CL-000011,No title available,UNKNOWN,Network Infrastructure,UNKNOWN,UNKNOWN impacts Network Infrastructure,"If UNKNOWN occurs affecting UNKNOWN, potential disruption to network infrastructure.",Potential disruption to Network Infrastructure,Investigate recovery procedures,1,Weak,False,True,True,2026-04-28T15:39:17.254286,1,3,1,3
CL-000002,No title available,UNKNOWN,Order Processing,UNKNOWN,UNKNOWN impacts Order Processing,"If UNKNOWN occurs affecting UNKNOWN, potential disruption to order processing.",Potential disruption to Order Processing,Investigate recovery procedures,1,Weak,False,True,True,2026-04-28T15:39:17.249607,1,3,1,3
CL-000003,No title available,UNKNOWN,Compliance & Governance,UNKNOWN,UNKNOWN impacts Compliance & Governance,"If UNKNOWN occurs affecting UNKNOWN, potential disruption to compliance & governance.",Potential disruption to Compliance & Governance,Investigate recovery procedures,1,Weak,False,True,True,2026-04-28T15:39:17.250027,1,3,1,3
CL-000004,How CrowdStrike Protects Against Data-Wiping Malware - CrowdStrike,DESTRUCTIVE_CYBER_ATTACK,Security Operations,systems,DESTRUCTIVE_CYBER_ATTACK impacts Security Operations,"If DESTRUCTIVE_CYBER_ATTACK occurs affecting systems, potential disruption to security operations.",Potential disruption to Security Operations,Investigate recovery procedures,1,Weak,False,True,True,2026-04-28T15:39:17.250677,1,3,1,3
CL-000006,No title available,UNKNOWN,Order Processing,systems,UNKNOWN impacts Order Processing,"If UNKNOWN occurs affecting systems, potential disruption to order processing.",Potential disruption to Order Processing,Investigate recovery procedures,1,Weak,False,True,True,2026-04-28T15:39:17.251941,1,3,1,3
CL-000009,Continuous vetting: keep your finances in order - army.mil,UNKNOWN,Order Processing,UNKNOWN,UNKNOWN impacts Order Processing,"If UNKNOWN occurs affecting UNKNOWN, potential disruption to order processing.",Potential disruption to Order Processing,Investigate recovery procedures,1,Weak,False,True,True,2026-04-28T15:39:17.253408,1,3,1,3
CL-000005,No title available,DESTRUCTIVE_CYBER_ATTACK,Security Operations,systems,DESTRUCTIVE_CYBER_ATTACK impacts Security Operations,"If DESTRUCTIVE_CYBER_ATTACK occurs affecting systems, potential disruption to security operations.",Potential disruption to Security Operations,Investigate recovery procedures,1,Weak,False,True,True,2026-04-28T15:39:17.251494,1,3,1,3
CL-000001,No title available,UNKNOWN,Order Processing,UNKNOWN,UNKNOWN impacts Order Processing,"If UNKNOWN occurs affecting UNKNOWN, potential disruption to order processing.",Potential disruption to Order Processing,Investigate recovery procedures,1,Weak,False,True,True,2026-04-28T15:39:17.249094,1,3,1,3
CL-000091,Why Supply Chain Automation Fails Before It Even Starts - Logistics Viewpoints,UNKNOWN,Transportation & Logistics,UNKNOWN,UNKNOWN impacts Transportation & Logistics,"If UNKNOWN occurs affecting UNKNOWN, potential disruption to transportation & logistics.",Potential disruption to Transportation & Logistics,Investigate recovery procedures,1,Weak,False,True,True,2026-04-28T15:39:17.303126,1,3,1,3
CL-000090,"Cloudflare outage on November 18, 2025 - The Cloudflare Blog",OUTAGE_APPLICATION,Network Infrastructure,applications,Critical application outage disrupts business operations,"If OUTAGE_APPLICATION occurs affecting applications, business processes are interrupted.",Business processes are interrupted,"Restart or restore application, validate integrations",1,Weak,True,True,True,2026-04-28T15:39:17.302548,1,3,1,3
CL-000089,Cloudflare traces hours-long outage to one single file - Axios,OUTAGE_APPLICATION,Supplier Integration,applications,Critical application outage disrupts business operations,"If OUTAGE_APPLICATION occurs affecting applications, business processes are interrupted.",Business processes are interrupted,"Restart or restore application, validate integrations",1,Weak,True,True,True,2026-04-28T15:39:17.301957,1,3,1,3
CL-000088,SAP apologizes for customer portal outage - theregister.com,OUTAGE_APPLICATION,Order Processing,applications,Critical application outage disrupts business operations,"If OUTAGE_APPLICATION occurs affecting applications, business processes are interrupted.",Business processes are interrupted,"Restart or restore application, validate integrations",1,Weak,True,True,True,2026-04-28T15:39:17.301356,1,3,1,3
CL-000087,County Library system can't get new books after its distributor ceases operations - The Palm Beach Post,UNKNOWN,Procurement & Supply Chain,systems,UNKNOWN impacts Procurement & Supply Chain,"If UNKNOWN occurs affecting systems, potential disruption to procurement & supply chain.",Potential disruption to Procurement & Supply Chain,Investigate recovery procedures,1,Weak,False,True,True,2026-04-28T15:39:17.300285,1,3,1,3
CL-000085,"At least seven dead after UPS plane crashes in fireball on takeoff from Louisville, Kentucky - Reuters",UNKNOWN,Physical Infrastructure,UNKNOWN,UNKNOWN impacts Physical Infrastructure,"If UNKNOWN occurs affecting UNKNOWN, potential disruption to physical infrastructure.",Potential disruption to Physical Infrastructure,Investigate recovery procedures,1,Weak,False,True,True,2026-04-28T15:39:17.297769,1,3,1,3
CL-000084,Japanese retailer Askul confirms data leak after cyberattack claimed by Russia-linked group - The Record from Recorded Future News,SECURITY_BREACH,Cybersecurity,UNKNOWN,SECURITY_BREACH impacts Cybersecurity,"If SECURITY_BREACH occurs affecting UNKNOWN, potential disruption to cybersecurity.",Potential disruption to Cybersecurity,Investigate recovery procedures,1,Weak,True,True,True,2026-04-28T15:39:17.296352,1,3,1,3
CL-000083,Combatting Supply Chain Cyber Threats: Safeguarding Data and Protecting Digital Supply Chains in a Rapidly Evolving Cyber Landscape - Foley & Lardner LLP,UNKNOWN,Cybersecurity,UNKNOWN,UNKNOWN impacts Cybersecurity,"If UNKNOWN occurs affecting UNKNOWN, potential disruption to cybersecurity.",Potential disruption to Cybersecurity,Investigate recovery procedures,1,Weak,False,True,True,2026-04-28T15:39:17.294838,1,3,1,3
CL-000076,"What caused Amazon’s AWS outage, and why did so many major apps go offline? - Al Jazeera",OUTAGE_APPLICATION,Cloud Infrastructure,applications,Critical application outage disrupts business operations,"If OUTAGE_APPLICATION occurs affecting applications, business processes are interrupted.",Business processes are interrupted,"Restart or restore application, validate integrations",1,Weak,True,True,True,2026-04-28T15:39:17.287180,1,3,1,3
CL-000082,No title available,OUTAGE_APPLICATION,Identity & Access Management,applications,Critical application outage disrupts business operations,"If OUTAGE_APPLICATION occurs affecting applications, business processes are interrupted.",Business processes are interrupted,"Restart or restore application, validate integrations",1,Weak,True,True,True,2026-04-28T15:39:17.293663,1,3,1,3
CL-000080,No title available,SECURITY_BREACH,Vendor Risk,UNKNOWN,SECURITY_BREACH impacts Vendor Risk,"If SECURITY_BREACH occurs affecting UNKNOWN, potential disruption to vendor risk.",Potential disruption to Vendor Risk,Investigate recovery procedures,1,Weak,True,True,True,2026-04-28T15:39:17.291958,1,3,1,3
CL-000078,Massachusetts Hospitals Experiencing Disruption Due to Cyberattack - The HIPAA Journal,CYBER_OPERATIONAL_DISRUPTION,IT Operations,UNKNOWN,CYBER_OPERATIONAL_DISRUPTION impacts IT Operations,"If CYBER_OPERATIONAL_DISRUPTION occurs affecting UNKNOWN, potential disruption to it operations.",Potential disruption to IT Operations,Investigate recovery procedures,1,Weak,False,True,True,2026-04-28T15:39:17.289858,1,3,1,3
CL-000077,What caused the AWS outage - and why did it make the internet fall apart? - BBC,OUTAGE_APPLICATION,Cloud Infrastructure,applications,Critical application outage disrupts business operations,"If OUTAGE_APPLICATION occurs affecting applications, business processes are interrupted.",Business processes are interrupted,"Restart or restore application, validate integrations",1,Weak,True,True,True,2026-04-28T15:39:17.288390,1,3,1,3
CL-000070,AWS outage: Impact on Apps & Services - Panda Security - pandasecurity.com,OUTAGE_APPLICATION,Identity & Access Management,applications,Critical application outage disrupts business operations,"If OUTAGE_APPLICATION occurs affecting applications, business processes are interrupted.",Business processes are interrupted,"Restart or restore application, validate integrations",1,Weak,True,True,True,2026-04-28T15:39:17.284398,1,3,1,3
CL-000069,No title available,OUTAGE_APPLICATION,Cloud Infrastructure,applications,Critical application outage disrupts business operations,"If OUTAGE_APPLICATION occurs affecting applications, business processes are interrupted.",Business processes are interrupted,"Restart or restore application, validate integrations",1,Weak,True,True,True,2026-04-28T15:39:17.283870,1,3,1,3
CL-000072,No title available,UNKNOWN,Cybersecurity,UNKNOWN,UNKNOWN impacts Cybersecurity,"If UNKNOWN occurs affecting UNKNOWN, potential disruption to cybersecurity.",Potential disruption to Cybersecurity,Investigate recovery procedures,1,Weak,False,True,True,2026-04-28T15:39:17.285230,1,3,1,3
CL-000063,Microsoft investigates outage affecting Microsoft 365 apps - BleepingComputer,OUTAGE_APPLICATION,Identity & Access Management,applications,Critical application outage disrupts business operations,"If OUTAGE_APPLICATION occurs affecting applications, business processes are interrupted.",Business processes are interrupted,"Restart or restore application, validate integrations",1,Weak,True,True,True,2026-04-28T15:39:17.281151,1,3,1,3
CL-000060,Microsoft 365 outage disrupts Teams and Exchange access globally - Techzine Global,OUTAGE_APPLICATION,Identity & Access Management,applications,Critical application outage disrupts business operations,"If OUTAGE_APPLICATION occurs affecting applications, business processes are interrupted.",Business processes are interrupted,"Restart or restore application, validate integrations",1,Weak,True,True,True,2026-04-28T15:39:17.279625,1,3,1,3
CL-000107,"Banks, Shopify, Zoom Hit Again as Cloudflare's Second December Outage Reveals Your Internet's Fragility - International Business Times UK",OUTAGE_APPLICATION,Identity & Access Management,applications,Critical application outage disrupts business operations,"If OUTAGE_APPLICATION occurs affecting applications, business processes are interrupted.",Business processes are interrupted,"Restart or restore application, validate integrations",1,Weak,True,True,True,2026-04-28T15:39:17.310720,1,3,1,3
CL-000106,No title available,OUTAGE_APPLICATION,Cybersecurity,systems,Critical application outage disrupts business operations,"If OUTAGE_APPLICATION occurs affecting systems, business processes are interrupted.",Business processes are interrupted,"Restart or restore application, validate integrations",1,Weak,True,True,True,2026-04-28T15:39:17.310197,1,3,1,3
CL-000112,New HIPAA Regulations in 2026 - The HIPAA Journal,UNKNOWN,Compliance & Governance,UNKNOWN,UNKNOWN impacts Compliance & Governance,"If UNKNOWN occurs affecting UNKNOWN, potential disruption to compliance & governance.",Potential disruption to Compliance & Governance,Investigate recovery procedures,1,Weak,False,True,True,2026-04-28T15:39:17.313361,1,3,1,3
CL-000113,No title available,UNKNOWN,Compliance & Governance,UNKNOWN,UNKNOWN impacts Compliance & Governance,"If UNKNOWN occurs affecting UNKNOWN, potential disruption to compliance & governance.",Potential disruption to Compliance & Governance,Investigate recovery procedures,1,Weak,False,True,True,2026-04-28T15:39:17.313742,1,3,1,3
CL-000110,No title available,UNKNOWN,Transportation & Logistics,UNKNOWN,UNKNOWN impacts Transportation & Logistics,"If UNKNOWN occurs affecting UNKNOWN, potential disruption to transportation & logistics.",Potential disruption to Transportation & Logistics,Investigate recovery procedures,1,Weak,False,True,True,2026-04-28T15:39:17.312140,1,3,1,3
CL-000108,No title available,UNKNOWN,Cloud Infrastructure,cloud,UNKNOWN impacts Cloud Infrastructure,"If UNKNOWN occurs affecting cloud, potential disruption to cloud infrastructure.",Potential disruption to Cloud Infrastructure,Investigate recovery procedures,1,Weak,False,True,True,2026-04-28T15:39:17.311089,1,3,1,3
CL-000099,Shopify Outage Resolved After Disrupting Cyber Monday Sales - The Tech Buzz,OUTAGE_APPLICATION,Identity & Access Management,applications,Critical application outage disrupts business operations,"If OUTAGE_APPLICATION occurs affecting applications, business processes are interrupted.",Business processes are interrupted,"Restart or restore application, validate integrations",1,Weak,True,True,True,2026-04-28T15:39:17.307108,1,3,1,3
CL-000100,No title available,SECURITY_BREACH,Vendor Risk,UNKNOWN,SECURITY_BREACH impacts Vendor Risk,"If SECURITY_BREACH occurs affecting UNKNOWN, potential disruption to vendor risk.",Potential disruption to Vendor Risk,Investigate recovery procedures,1,Weak,True,True,True,2026-04-28T15:39:17.307490,1,3,1,3
CL-000101,"Delta Cancels 100s of Flights at Detroit Amid Outage, DL208 Diverted and More - Aviation A2Z",OUTAGE_APPLICATION,Supplier Integration,applications,Critical application outage disrupts business operations,"If OUTAGE_APPLICATION occurs affecting applications, business processes are interrupted.",Business processes are interrupted,"Restart or restore application, validate integrations",1,Weak,True,True,True,2026-04-28T15:39:17.307992,1,3,1,3
CL-000103,Flights resume at Edinburgh Airport after air traffic control outage - BBC,OUTAGE_APPLICATION,Supplier Integration,applications,Critical application outage disrupts business operations,"If OUTAGE_APPLICATION occurs affecting applications, business processes are interrupted.",Business processes are interrupted,"Restart or restore application, validate integrations",1,Weak,True,True,True,2026-04-28T15:39:17.309005,1,3,1,3
CL-000095,Microsoft loses two senior AI infrastructure leaders as data center pressures mount - Network World,UNKNOWN,Network Infrastructure,systems,UNKNOWN impacts Network Infrastructure,"If UNKNOWN occurs affecting systems, potential disruption to network infrastructure.",Potential disruption to Network Infrastructure,Investigate recovery procedures,1,Weak,False,True,True,2026-04-28T15:39:17.305359,1,3,1,3
CL-000097,"Gainsight Verifies Token Breach Linked to Salesforce Advisory, Issues New IOCs - gbhackers.com",SECURITY_BREACH,Identity & Access Management,UNKNOWN,SECURITY_BREACH impacts Identity & Access Management,"If SECURITY_BREACH occurs affecting UNKNOWN, potential disruption to identity & access management.",Potential disruption to Identity & Access Management,Investigate recovery procedures,1,Weak,True,True,True,2026-04-28T15:39:17.306255,1,3,1,3
CL-000094,Bankrupt auto supplier First Brands sues ex-CEO for allegedly misusing company funds - Car Dealership Guy News,UNKNOWN,Procurement & Supply Chain,UNKNOWN,UNKNOWN impacts Procurement & Supply Chain,"If UNKNOWN occurs affecting UNKNOWN, potential disruption to procurement & supply chain.",Potential disruption to Procurement & Supply Chain,Investigate recovery procedures,1,Weak,False,True,True,2026-04-28T15:39:17.304843,1,3,1,3
CL-000092,Hundreds of Salesforce customers hit by yet another third-party vendor breach - CyberScoop,SECURITY_BREACH,Vendor Risk,UNKNOWN,SECURITY_BREACH impacts Vendor Risk,"If SECURITY_BREACH occurs affecting UNKNOWN, potential disruption to vendor risk.",Potential disruption to Vendor Risk,Investigate recovery procedures,1,Weak,True,True,True,2026-04-28T15:39:17.303652,1,3,1,3
CL-000123,No title available,OUTAGE_APPLICATION,Transportation & Logistics,applications,Critical application outage disrupts business operations,"If OUTAGE_APPLICATION occurs affecting applications, business processes are interrupted.",Business processes are interrupted,"Restart or restore application, validate integrations",1,Weak,True,True,True,2026-04-28T15:39:17.318887,1,3,1,3
CL-000121,No title available,OUTAGE_APPLICATION,Transportation & Logistics,applications,Critical application outage disrupts business operations,"If OUTAGE_APPLICATION occurs affecting applications, business processes are interrupted.",Business processes are interrupted,"Restart or restore application, validate integrations",1,Weak,True,True,True,2026-04-28T15:39:17.317983,1,3,1,3
CL-000120,No title available,OUTAGE_APPLICATION,Transportation & Logistics,applications,Critical application outage disrupts business operations,"If OUTAGE_APPLICATION occurs affecting applications, business processes are interrupted.",Business processes are interrupted,"Restart or restore application, validate integrations",1,Weak,True,True,True,2026-04-28T15:39:17.316931,1,3,1,3
CL-000119,No title available,OUTAGE_APPLICATION,Transportation & Logistics,applications,Critical application outage disrupts business operations,"If OUTAGE_APPLICATION occurs affecting applications, business processes are interrupted.",Business processes are interrupted,"Restart or restore application, validate integrations",1,Weak,True,True,True,2026-04-28T15:39:17.316575,1,3,1,3
CL-000127,Cloud Compliance Requirements: What You Need to Know - appinventiv.com,UNKNOWN,Compliance & Governance,cloud,UNKNOWN impacts Compliance & Governance,"If UNKNOWN occurs affecting cloud, potential disruption to compliance & governance.",Potential disruption to Compliance & Governance,Investigate recovery procedures,1,Weak,False,True,True,2026-04-28T15:39:17.321835,1,3,1,3
CL-000128,No title available,UNKNOWN,Transportation & Logistics,UNKNOWN,UNKNOWN impacts Transportation & Logistics,"If UNKNOWN occurs affecting UNKNOWN, potential disruption to transportation & logistics.",Potential disruption to Transportation & Logistics,Investigate recovery procedures,1,Weak,False,True,True,2026-04-28T15:39:17.322206,1,3,1,3
CL-000126,No title available,OUTAGE_APPLICATION,Network Infrastructure,applications,Critical application outage disrupts business operations,"If OUTAGE_APPLICATION occurs affecting applications, business processes are interrupted.",Business processes are interrupted,"Restart or restore application, validate integrations",1,Weak,True,True,True,2026-04-28T15:39:17.321311,1,3,1,3
CL-000124,No title available,UNKNOWN,Physical Infrastructure,UNKNOWN,UNKNOWN impacts Physical Infrastructure,"If UNKNOWN occurs affecting UNKNOWN, potential disruption to physical infrastructure.",Potential disruption to Physical Infrastructure,Investigate recovery procedures,1,Weak,False,True,True,2026-04-28T15:39:17.319660,1,3,1,3
CL-000131,No title available,UNKNOWN,Transportation & Logistics,UNKNOWN,UNKNOWN impacts Transportation & Logistics,"If UNKNOWN occurs affecting UNKNOWN, potential disruption to transportation & logistics.",Potential disruption to Transportation & Logistics,Investigate recovery procedures,1,Weak,False,True,True,2026-04-28T15:39:17.323581,1,3,1,3
CL-000133,Sandworm’s DynoWiper Attack Targeting Polish Combined Heat and Power and Renewable Energy Management Systems: Incident Analysis and Lessons Learned - Rescana,DESTRUCTIVE_CYBER_ATTACK,Security Operations,systems,DESTRUCTIVE_CYBER_ATTACK impacts Security Operations,"If DESTRUCTIVE_CYBER_ATTACK occurs affecting systems, potential disruption to security operations.",Potential disruption to Security Operations,Investigate recovery procedures,1,Weak,False,True,True,2026-04-28T15:39:17.324535,1,3,1,3
CL-000134,No title available,OUTAGE_APPLICATION,Physical Infrastructure,applications,Critical application outage disrupts business operations,"If OUTAGE_APPLICATION occurs affecting applications, business processes are interrupted.",Business processes are interrupted,"Restart or restore application, validate integrations",1,Weak,True,True,True,2026-04-28T15:39:17.324928,1,3,1,3
CL-000135,Oracle says data center outage causing issues faced by US TikTok users - Reuters,OUTAGE_APPLICATION,Physical Infrastructure,applications,Critical application outage disrupts business operations,"If OUTAGE_APPLICATION occurs affecting applications, business processes are interrupted.",Business processes are interrupted,"Restart or restore application, validate integrations",1,Weak,True,True,True,2026-04-28T15:39:17.325411,1,3,1,3
CL-000136,The 8 most innovative logistics companies using AI routing today - Transportation and Logistics International,UNKNOWN,Transportation & Logistics,UNKNOWN,UNKNOWN impacts Transportation & Logistics,"If UNKNOWN occurs affecting UNKNOWN, potential disruption to transportation & logistics.",Potential disruption to Transportation & Logistics,Investigate recovery procedures,1,Weak,False,True,True,2026-04-28T15:39:17.325877,1,3,1,3
CL-000137,Oracle Data Center Power Outage Disrupts TikTok For Users In US Days After App's High-Stakes Joint Venture Deal - Yahoo Finance,OUTAGE_APPLICATION,Physical Infrastructure,applications,Critical application outage disrupts business operations,"If OUTAGE_APPLICATION occurs affecting applications, business processes are interrupted.",Business processes are interrupted,"Restart or restore application, validate integrations",1,Weak,True,True,True,2026-04-28T15:39:17.326399,1,3,1,3
CL-000129,New Reports Reinforce Cyberattack’s Role in Maduro Capture Blackout - SecurityWeek,UNKNOWN,IT Operations,UNKNOWN,UNKNOWN impacts IT Operations,"If UNKNOWN occurs affecting UNKNOWN, potential disruption to it operations.",Potential disruption to IT Operations,Investigate recovery procedures,1,Weak,False,True,True,2026-04-28T15:39:17.322701,1,3,1,3
CL-000125,How to claim Verizon's $20 credit for Wednesday's service outage - Engadget,OUTAGE_APPLICATION,Transportation & Logistics,applications,Critical application outage disrupts business operations,"If OUTAGE_APPLICATION occurs affecting applications, business processes are interrupted.",Business processes are interrupted,"Restart or restore application, validate integrations",1,Weak,True,True,True,2026-04-28T15:39:17.320820,1,3,1,3
CL-000139,No title available,UNKNOWN,Distribution Operations,UNKNOWN,UNKNOWN impacts Distribution Operations,"If UNKNOWN occurs affecting UNKNOWN, potential disruption to distribution operations.",Potential disruption to Distribution Operations,Investigate recovery procedures,1,Weak,False,True,True,2026-04-28T15:39:17.327270,1,3,1,3
CL-000138,Wargames Keep Warning Us About Congested Logistics—It’s Time to Take Action - Modern War Institute -,UNKNOWN,Compliance & Governance,UNKNOWN,UNKNOWN impacts Compliance & Governance,"If UNKNOWN occurs affecting UNKNOWN, potential disruption to compliance & governance.",Potential disruption to Compliance & Governance,Investigate recovery procedures,1,Weak,False,True,True,2026-04-28T15:39:17.326910,1,3,1,3
CL-000141,DynoWiper Wiper Malware Launches Destructive Attacks On Energy Firms - cyberpress.org,DESTRUCTIVE_CYBER_ATTACK,Security Operations,systems,DESTRUCTIVE_CYBER_ATTACK impacts Security Operations,"If DESTRUCTIVE_CYBER_ATTACK occurs affecting systems, potential disruption to security operations.",Potential disruption to Security Operations,Investigate recovery procedures,1,Weak,False,True,True,2026-04-28T15:39:17.328238,1,3,1,3
CL-000140,Opinion: SpaceX’s satellite data center plan is unhinged - Fierce Network,UNKNOWN,Network Infrastructure,network,UNKNOWN impacts Network Infrastructure,"If UNKNOWN occurs affecting network, potential disruption to network infrastructure.",Potential disruption to Network Infrastructure,Investigate recovery procedures,1,Weak,False,True,True,2026-04-28T15:39:17.327745,1,3,1,3
CL-000143,How Agentic AI Is Redefining Route Optimization in Last-Mile Delivery - Inbound Logistics,UNKNOWN,Transportation & Logistics,UNKNOWN,UNKNOWN impacts Transportation & Logistics,"If UNKNOWN occurs affecting UNKNOWN, potential disruption to transportation & logistics.",Potential disruption to Transportation & Logistics,Investigate recovery procedures,1,Weak,False,True,True,2026-04-28T15:39:17.329272,1,3,1,3
CL-000144,No title available,UNKNOWN,Procurement & Supply Chain,UNKNOWN,UNKNOWN impacts Procurement & Supply Chain,"If UNKNOWN occurs affecting UNKNOWN, potential disruption to procurement & supply chain.",Potential disruption to Procurement & Supply Chain,Investigate recovery procedures,1,Weak,False,True,True,2026-04-28T15:39:17.329661,1,3,1,3
CL-000114,"Third-Party Data Breaches: What You Need to Know | Mitratech Holdings, Inc - JD Supra",SECURITY_BREACH,Vendor Risk,UNKNOWN,SECURITY_BREACH impacts Vendor Risk,"If SECURITY_BREACH occurs affecting UNKNOWN, potential disruption to vendor risk.",Potential disruption to Vendor Risk,Investigate recovery procedures,1,Weak,True,True,True,2026-04-28T15:39:17.314256,1,3,1,3
CL-000111,"A 10-Hour Data Center Outage Is Testing the Ambitions of KKR, GIP - Insurance Journal",OUTAGE_APPLICATION,Physical Infrastructure,applications,Critical application outage disrupts business operations,"If OUTAGE_APPLICATION occurs affecting applications, business processes are interrupted.",Business processes are interrupted,"Restart or restore application, validate integrations",1,Weak,True,True,True,2026-04-28T15:39:17.312668,1,3,1,3
CL-000115,"Third-Party Data Breaches: What You Need to Know | Mitratech Holdings, Inc - JD Supra",SECURITY_BREACH,Vendor Risk,UNKNOWN,SECURITY_BREACH impacts Vendor Risk,"If SECURITY_BREACH occurs affecting UNKNOWN, potential disruption to vendor risk.",Potential disruption to Vendor Risk,Investigate recovery procedures,1,Weak,True,True,True,2026-04-28T15:39:17.314738,1,3,1,3
CL-000116,Company faces legal action after worker seriously hurt in vending machine fall - kentonline.co.uk,UNKNOWN,Compliance & Governance,UNKNOWN,UNKNOWN impacts Compliance & Governance,"If UNKNOWN occurs affecting UNKNOWN, potential disruption to compliance & governance.",Potential disruption to Compliance & Governance,Investigate recovery procedures,1,Weak,False,True,True,2026-04-28T15:39:17.315237,1,3,1,3
CL-000118,Domo halts production at German plants as insolvency talks collapse - Plastics News,UNKNOWN,Procurement & Supply Chain,UNKNOWN,UNKNOWN impacts Procurement & Supply Chain,"If UNKNOWN occurs affecting UNKNOWN, potential disruption to procurement & supply chain.",Potential disruption to Procurement & Supply Chain,Investigate recovery procedures,1,Weak,False,True,True,2026-04-28T15:39:17.316225,1,3,1,3
CL-000117,Critical infrastructure facing cyber surge in OT and supply chains in 2026 - SC Media,UNKNOWN,Cybersecurity,systems,UNKNOWN impacts Cybersecurity,"If UNKNOWN occurs affecting systems, potential disruption to cybersecurity.",Potential disruption to Cybersecurity,Investigate recovery procedures,1,Weak,False,True,True,2026-04-28T15:39:17.315734,1,3,1,3
CL-000104,No title available,OUTAGE_APPLICATION,Supplier Integration,applications,Critical application outage disrupts business operations,"If OUTAGE_APPLICATION occurs affecting applications, business processes are interrupted.",Business processes are interrupted,"Restart or restore application, validate integrations",1,Weak,True,True,True,2026-04-28T15:39:17.309372,1,3,1,3
CL-000105,"Cloudflare reports issues with dashboard and related APIs, weeks after major outage - Data Center Dynamics",OUTAGE_APPLICATION,Transportation & Logistics,applications,Critical application outage disrupts business operations,"If OUTAGE_APPLICATION occurs affecting applications, business processes are interrupted.",Business processes are interrupted,"Restart or restore application, validate integrations",1,Weak,True,True,True,2026-04-28T15:39:17.309851,1,3,1,3
CL-000098,No title available,UNKNOWN,Transportation & Logistics,UNKNOWN,UNKNOWN impacts Transportation & Logistics,"If UNKNOWN occurs affecting UNKNOWN, potential disruption to transportation & logistics.",Potential disruption to Transportation & Logistics,Investigate recovery procedures,1,Weak,False,True,True,2026-04-28T15:39:17.306626,1,3,1,3
CL-000093,No title available,SECURITY_BREACH,Vendor Risk,UNKNOWN,SECURITY_BREACH impacts Vendor Risk,"If SECURITY_BREACH occurs affecting UNKNOWN, potential disruption to vendor risk.",Potential disruption to Vendor Risk,Investigate recovery procedures,1,Weak,True,True,True,2026-04-28T15:39:17.304152,1,3,1,3
CL-000155,Updated: AWS Middle East Outage After Data Centers Hit by Drone Strikes - Data Center Knowledge,OUTAGE_APPLICATION,Physical Infrastructure,applications,Critical application outage disrupts business operations,"If OUTAGE_APPLICATION occurs affecting applications, business processes are interrupted.",Business processes are interrupted,"Restart or restore application, validate integrations",1,Weak,True,True,True,2026-04-28T15:39:17.335672,1,3,1,3
CL-000154,Pakistan’s Digitisation Drive Faces A Critical Test: Can Mission-Critical Systems Stay Resilient? - The Friday Times,UNKNOWN,Order Processing,systems,UNKNOWN impacts Order Processing,"If UNKNOWN occurs affecting systems, potential disruption to order processing.",Potential disruption to Order Processing,Investigate recovery procedures,1,Weak,False,True,True,2026-04-28T15:39:17.335057,1,3,1,3
CL-000153,No title available,UNKNOWN,Physical Infrastructure,UNKNOWN,UNKNOWN impacts Physical Infrastructure,"If UNKNOWN occurs affecting UNKNOWN, potential disruption to physical infrastructure.",Potential disruption to Physical Infrastructure,Investigate recovery procedures,1,Weak,False,True,True,2026-04-28T15:39:17.334381,1,3,1,3
CL-000152,No title available,UNKNOWN,Cybersecurity,UNKNOWN,UNKNOWN impacts Cybersecurity,"If UNKNOWN occurs affecting UNKNOWN, potential disruption to cybersecurity.",Potential disruption to Cybersecurity,Investigate recovery procedures,1,Weak,False,True,True,2026-04-28T15:39:17.333987,1,3,1,3
CL-000151,No title available,OUTAGE_APPLICATION,Supplier Integration,applications,Critical application outage disrupts business operations,"If OUTAGE_APPLICATION occurs affecting applications, business processes are interrupted.",Business processes are interrupted,"Restart or restore application, validate integrations",1,Weak,True,True,True,2026-04-28T15:39:17.333536,1,3,1,3
CL-000150,Amazon’s cloud ‘hit by two outages caused by AI tools last year’ - The Guardian,UNKNOWN,Cloud Infrastructure,cloud,UNKNOWN impacts Cloud Infrastructure,"If UNKNOWN occurs affecting cloud, potential disruption to cloud infrastructure.",Potential disruption to Cloud Infrastructure,Investigate recovery procedures,1,Weak,False,True,True,2026-04-28T15:39:17.333156,1,3,1,3
CL-000149,Top 15 Logistics AI Use Cases & Examples - AIMultiple,UNKNOWN,Transportation & Logistics,UNKNOWN,UNKNOWN impacts Transportation & Logistics,"If UNKNOWN occurs affecting UNKNOWN, potential disruption to transportation & logistics.",Potential disruption to Transportation & Logistics,Investigate recovery procedures,1,Weak,False,True,True,2026-04-28T15:39:17.332633,1,3,1,3
CL-000148,4 tips for CFOs leading ERP transitions - CFO Dive,UNKNOWN,Order Processing,erp,UNKNOWN impacts Order Processing,"If UNKNOWN occurs affecting erp, potential disruption to order processing.",Potential disruption to Order Processing,Investigate recovery procedures,1,Weak,False,True,True,2026-04-28T15:39:17.331890,1,3,1,3
CL-000147,"Canada Goose Data Breach: ShinyHunters Leak Exposes 600,000 Customer Records via Third-Party Payment Processor - Rescana",SECURITY_BREACH,Vendor Risk,UNKNOWN,SECURITY_BREACH impacts Vendor Risk,"If SECURITY_BREACH occurs affecting UNKNOWN, potential disruption to vendor risk.",Potential disruption to Vendor Risk,Investigate recovery procedures,1,Weak,True,True,True,2026-04-28T15:39:17.331170,1,3,1,3
CL-000146,AI-fuelled supply chain cyber attacks surge in Asia-Pacific - SecurityBrief Australia,UNKNOWN,Cybersecurity,UNKNOWN,UNKNOWN impacts Cybersecurity,"If UNKNOWN occurs affecting UNKNOWN, potential disruption to cybersecurity.",Potential disruption to Cybersecurity,Investigate recovery procedures,1,Weak,False,True,True,2026-04-28T15:39:17.330634,1,3,1,3
CL-000163,"As Claude expands into finance, outage raises risk questions - CFO.com",OUTAGE_APPLICATION,Order Processing,applications,Critical application outage disrupts business operations,"If OUTAGE_APPLICATION occurs affecting applications, business processes are interrupted.",Business processes are interrupted,"Restart or restore application, validate integrations",1,Weak,True,True,True,2026-04-28T15:39:17.339455,1,3,1,3
CL-000158,No title available,OUTAGE_APPLICATION,Identity & Access Management,applications,Critical application outage disrupts business operations,"If OUTAGE_APPLICATION occurs affecting applications, business processes are interrupted.",Business processes are interrupted,"Restart or restore application, validate integrations",1,Weak,True,True,True,2026-04-28T15:39:17.336986,1,3,1,3
CL-000159,Amazon says it could take at least a day to restore data centers hit by 'objects' in the UAE - Business Insider,UNKNOWN,Network Infrastructure,UNKNOWN,UNKNOWN impacts Network Infrastructure,"If UNKNOWN occurs affecting UNKNOWN, potential disruption to network infrastructure.",Potential disruption to Network Infrastructure,Investigate recovery procedures,1,Weak,False,True,True,2026-04-28T15:39:17.337476,1,3,1,3
CL-000161,Energy prices surge as tanker disruptions and facility shutdowns rattle global supply - AP News,UNKNOWN,Procurement & Supply Chain,UNKNOWN,UNKNOWN impacts Procurement & Supply Chain,"If UNKNOWN occurs affecting UNKNOWN, potential disruption to procurement & supply chain.",Potential disruption to Procurement & Supply Chain,Investigate recovery procedures,1,Weak,False,True,True,2026-04-28T15:39:17.338449,1,3,1,3
CL-000162,Gas prices soar as QatarEnergy halts LNG production after Iran attacks - Al Jazeera,UNKNOWN,Procurement & Supply Chain,UNKNOWN,UNKNOWN impacts Procurement & Supply Chain,"If UNKNOWN occurs affecting UNKNOWN, potential disruption to procurement & supply chain.",Potential disruption to Procurement & Supply Chain,Investigate recovery procedures,1,Weak,False,True,True,2026-04-28T15:39:17.338942,1,3,1,3
CL-000156,Operating a New Standard for Life-Saving Pharmaceutical Logistics - Fierce Pharma,UNKNOWN,Transportation & Logistics,UNKNOWN,UNKNOWN impacts Transportation & Logistics,"If UNKNOWN occurs affecting UNKNOWN, potential disruption to transportation & logistics.",Potential disruption to Transportation & Logistics,Investigate recovery procedures,1,Weak,False,True,True,2026-04-28T15:39:17.336219,1,3,1,3
CL-000171,No title available,UNKNOWN,Network Infrastructure,network,UNKNOWN impacts Network Infrastructure,"If UNKNOWN occurs affecting network, potential disruption to network infrastructure.",Potential disruption to Network Infrastructure,Investigate recovery procedures,1,Weak,False,True,True,2026-04-28T15:39:17.342992,1,3,1,3
CL-000173,Stryker investigating cyberattack that caused widespread outage - MedTech Dive,OUTAGE_APPLICATION,IT Operations,applications,Critical application outage disrupts business operations,"If OUTAGE_APPLICATION occurs affecting applications, business processes are interrupted.",Business processes are interrupted,"Restart or restore application, validate integrations",1,Weak,True,True,True,2026-04-28T15:39:17.343827,1,3,1,3
CL-000174,Stryker Cyberattack: Alleged Iran-Linked Group Handala Causes Outage - Newsweek,OUTAGE_APPLICATION,IT Operations,applications,Critical application outage disrupts business operations,"If OUTAGE_APPLICATION occurs affecting applications, business processes are interrupted.",Business processes are interrupted,"Restart or restore application, validate integrations",1,Weak,True,True,True,2026-04-28T15:39:17.344316,1,3,1,3
CL-000175,No title available,CYBER_OPERATIONAL_DISRUPTION,IT Operations,UNKNOWN,CYBER_OPERATIONAL_DISRUPTION impacts IT Operations,"If CYBER_OPERATIONAL_DISRUPTION occurs affecting UNKNOWN, potential disruption to it operations.",Potential disruption to IT Operations,Investigate recovery procedures,1,Weak,False,True,True,2026-04-28T15:39:17.344664,1,3,1,3
CL-000176,Helium prices soar as Qatar LNG halt exposes fragile supply chain - Reuters,UNKNOWN,Procurement & Supply Chain,UNKNOWN,UNKNOWN impacts Procurement & Supply Chain,"If UNKNOWN occurs affecting UNKNOWN, potential disruption to procurement & supply chain.",Potential disruption to Procurement & Supply Chain,Investigate recovery procedures,1,Weak,False,True,True,2026-04-28T15:39:17.345159,1,3,1,3
CL-000177,No title available,DESTRUCTIVE_CYBER_ATTACK,Security Operations,endpoints,DESTRUCTIVE_CYBER_ATTACK impacts Security Operations,"If DESTRUCTIVE_CYBER_ATTACK occurs affecting endpoints, potential disruption to security operations.",Potential disruption to Security Operations,Investigate recovery procedures,1,Weak,False,True,True,2026-04-28T15:39:17.345536,1,3,1,3
CL-000178,"Stryker flags disruption to orders, manufacturing a day after cyberattack - Reuters",CYBER_OPERATIONAL_DISRUPTION,IT Operations,UNKNOWN,CYBER_OPERATIONAL_DISRUPTION impacts IT Operations,"If CYBER_OPERATIONAL_DISRUPTION occurs affecting UNKNOWN, potential disruption to it operations.",Potential disruption to IT Operations,Investigate recovery procedures,1,Weak,False,True,True,2026-04-28T15:39:17.346022,1,3,1,3
CL-000179,Stryker Says Cyberattack Disruption Is Continuing - WSJ,CYBER_OPERATIONAL_DISRUPTION,IT Operations,UNKNOWN,CYBER_OPERATIONAL_DISRUPTION impacts IT Operations,"If CYBER_OPERATIONAL_DISRUPTION occurs affecting UNKNOWN, potential disruption to it operations.",Potential disruption to IT Operations,Investigate recovery procedures,1,Weak,False,True,True,2026-04-28T15:39:17.346543,1,3,1,3
CL-000180,The Growing Cyber Risk to Supply Chains - Вокс Україна,UNKNOWN,Cybersecurity,UNKNOWN,UNKNOWN impacts Cybersecurity,"If UNKNOWN occurs affecting UNKNOWN, potential disruption to cybersecurity.",Potential disruption to Cybersecurity,Investigate recovery procedures,1,Weak,False,True,True,2026-04-28T15:39:17.347136,1,3,1,3
CL-000164,No title available,UNKNOWN,Cloud Infrastructure,availability,UNKNOWN impacts Cloud Infrastructure,"If UNKNOWN occurs affecting availability, potential disruption to cloud infrastructure.",Potential disruption to Cloud Infrastructure,Investigate recovery procedures,1,Weak,False,True,True,2026-04-28T15:39:17.339818,1,3,1,3
CL-000166,Tata Group Stock Jumps Up to 8.5% After Launching New Data Center Interconnect Product - Trade Brains,UNKNOWN,Network Infrastructure,UNKNOWN,UNKNOWN impacts Network Infrastructure,"If UNKNOWN occurs affecting UNKNOWN, potential disruption to network infrastructure.",Potential disruption to Network Infrastructure,Investigate recovery procedures,1,Weak,False,True,True,2026-04-28T15:39:17.340779,1,3,1,3
CL-000165,"Amazon cloud unit's data centers in UAE, Bahrain damaged in drone strikes - Reuters",UNKNOWN,Network Infrastructure,cloud,UNKNOWN impacts Network Infrastructure,"If UNKNOWN occurs affecting cloud, potential disruption to network infrastructure.",Potential disruption to Network Infrastructure,Investigate recovery procedures,1,Weak,False,True,True,2026-04-28T15:39:17.340288,1,3,1,3
CL-000167,No title available,UNKNOWN,Order Processing,UNKNOWN,UNKNOWN impacts Order Processing,"If UNKNOWN occurs affecting UNKNOWN, potential disruption to order processing.",Potential disruption to Order Processing,Investigate recovery procedures,1,Weak,False,True,True,2026-04-28T15:39:17.341167,1,3,1,3
CL-000168,Cyber risk and AI memory boom strain the semiconductor supply chain - Sourceability,UNKNOWN,Cybersecurity,UNKNOWN,UNKNOWN impacts Cybersecurity,"If UNKNOWN occurs affecting UNKNOWN, potential disruption to cybersecurity.",Potential disruption to Cybersecurity,Investigate recovery procedures,1,Weak,False,True,True,2026-04-28T15:39:17.341658,1,3,1,3
CL-000170,Ericsson Data Breach Exposes Third-Party Service Risks - Cyber Magazine,SECURITY_BREACH,Vendor Risk,UNKNOWN,SECURITY_BREACH impacts Vendor Risk,"If SECURITY_BREACH occurs affecting UNKNOWN, potential disruption to vendor risk.",Potential disruption to Vendor Risk,Investigate recovery procedures,1,Weak,True,True,True,2026-04-28T15:39:17.342606,1,3,1,3
CL-000157,No title available,OUTAGE_APPLICATION,Identity & Access Management,applications,Critical application outage disrupts business operations,"If OUTAGE_APPLICATION occurs affecting applications, business processes are interrupted.",Business processes are interrupted,"Restart or restore application, validate integrations",1,Weak,True,True,True,2026-04-28T15:39:17.336599,1,3,1,3
CL-000187,No title available,UNKNOWN,Procurement & Supply Chain,UNKNOWN,UNKNOWN impacts Procurement & Supply Chain,"If UNKNOWN occurs affecting UNKNOWN, potential disruption to procurement & supply chain.",Potential disruption to Procurement & Supply Chain,Investigate recovery procedures,1,Weak,False,True,True,2026-04-28T15:39:17.351929,1,3,1,3
CL-000186,CISA urges companies to secure Microsoft Intune systems after hackers mass-wipe Stryker devices - TechCrunch,DESTRUCTIVE_CYBER_ATTACK,Security Operations,endpoints,DESTRUCTIVE_CYBER_ATTACK impacts Security Operations,"If DESTRUCTIVE_CYBER_ATTACK occurs affecting endpoints, potential disruption to security operations.",Potential disruption to Security Operations,Investigate recovery procedures,1,Weak,False,True,True,2026-04-28T15:39:17.350729,1,3,1,3
CL-000185,No title available,UNKNOWN,Physical Infrastructure,UNKNOWN,UNKNOWN impacts Physical Infrastructure,"If UNKNOWN occurs affecting UNKNOWN, potential disruption to physical infrastructure.",Potential disruption to Physical Infrastructure,Investigate recovery procedures,1,Weak,False,True,True,2026-04-28T15:39:17.350142,1,3,1,3
CL-000184,A Cyberattack Just Put Stryker’s $25 Billion Growth Story to the Test - 24/7 Wall St.,UNKNOWN,IT Operations,UNKNOWN,UNKNOWN impacts IT Operations,"If UNKNOWN occurs affecting UNKNOWN, potential disruption to it operations.",Potential disruption to IT Operations,Investigate recovery procedures,1,Weak,False,True,True,2026-04-28T15:39:17.349762,1,3,1,3
CL-000183,Stryker cyberattack alarms health systems - Healthcare IT News,UNKNOWN,Security Operations,systems,UNKNOWN impacts Security Operations,"If UNKNOWN occurs affecting systems, potential disruption to security operations.",Potential disruption to Security Operations,Investigate recovery procedures,1,Weak,False,True,True,2026-04-28T15:39:17.348660,1,3,1,3
CL-000182,Stryker Systems Disrupted in Cyber Attack; Handala Group Claims Responsibility - Arctic Wolf,CYBER_OPERATIONAL_DISRUPTION,Security Operations,systems,CYBER_OPERATIONAL_DISRUPTION impacts Security Operations,"If CYBER_OPERATIONAL_DISRUPTION occurs affecting systems, potential disruption to security operations.",Potential disruption to Security Operations,Investigate recovery procedures,1,Weak,False,True,True,2026-04-28T15:39:17.348175,1,3,1,3
CL-000181,How to reduce networking costs without performance loss - TechTarget,UNKNOWN,Network Infrastructure,UNKNOWN,UNKNOWN impacts Network Infrastructure,"If UNKNOWN occurs affecting UNKNOWN, potential disruption to network infrastructure.",Potential disruption to Network Infrastructure,Investigate recovery procedures,1,Weak,False,True,True,2026-04-28T15:39:17.347663,1,3,1,3
CL-000190,Strait of Hormuz crisis threatens world fertilizer supply chain - Anadolu Ajansı,UNKNOWN,Procurement & Supply Chain,UNKNOWN,UNKNOWN impacts Procurement & Supply Chain,"If UNKNOWN occurs affecting UNKNOWN, potential disruption to procurement & supply chain.",Potential disruption to Procurement & Supply Chain,Investigate recovery procedures,1,Weak,False,True,True,2026-04-28T15:39:17.353483,1,3,1,3
CL-000195,"Supplier Collapse, Supply Delays Leave DART Electric Buses Idle in Wilmington - Delaware LIVE News",UNKNOWN,Procurement & Supply Chain,UNKNOWN,UNKNOWN impacts Procurement & Supply Chain,"If UNKNOWN occurs affecting UNKNOWN, potential disruption to procurement & supply chain.",Potential disruption to Procurement & Supply Chain,Investigate recovery procedures,1,Weak,False,True,True,2026-04-28T15:39:17.355627,1,3,1,3
CL-000197,Thousands of Corewell Health patients affected by 2024 vendor data breach - FOX 2 Detroit,SECURITY_BREACH,Vendor Risk,UNKNOWN,SECURITY_BREACH impacts Vendor Risk,"If SECURITY_BREACH occurs affecting UNKNOWN, potential disruption to vendor risk.",Potential disruption to Vendor Risk,Investigate recovery procedures,1,Weak,True,True,True,2026-04-28T15:39:17.356622,1,3,1,3
CL-000198,No title available,UNKNOWN,Procurement & Supply Chain,UNKNOWN,UNKNOWN impacts Procurement & Supply Chain,"If UNKNOWN occurs affecting UNKNOWN, potential disruption to procurement & supply chain.",Potential disruption to Procurement & Supply Chain,Investigate recovery procedures,1,Weak,False,True,True,2026-04-28T15:39:17.357026,1,3,1,3
CL-000188,No title available,UNKNOWN,Procurement & Supply Chain,UNKNOWN,UNKNOWN impacts Procurement & Supply Chain,"If UNKNOWN occurs affecting UNKNOWN, potential disruption to procurement & supply chain.",Potential disruption to Procurement & Supply Chain,Investigate recovery procedures,1,Weak,False,True,True,2026-04-28T15:39:17.352447,1,3,1,3
CL-000191,No title available,UNKNOWN,Physical Infrastructure,region,UNKNOWN impacts Physical Infrastructure,"If UNKNOWN occurs affecting region, potential disruption to physical infrastructure.",Potential disruption to Physical Infrastructure,Investigate recovery procedures,1,Weak,False,True,True,2026-04-28T15:39:17.353872,1,3,1,3
CL-000192,No title available,UNKNOWN,Compliance & Governance,UNKNOWN,UNKNOWN impacts Compliance & Governance,"If UNKNOWN occurs affecting UNKNOWN, potential disruption to compliance & governance.",Potential disruption to Compliance & Governance,Investigate recovery procedures,1,Weak,False,True,True,2026-04-28T15:39:17.354231,1,3,1,3
CL-000193,Deaconess Health System Affected by Vendor Data Breach - The HIPAA Journal,SECURITY_BREACH,Vendor Risk,systems,SECURITY_BREACH impacts Vendor Risk,"If SECURITY_BREACH occurs affecting systems, potential disruption to vendor risk.",Potential disruption to Vendor Risk,Investigate recovery procedures,1,Weak,True,True,True,2026-04-28T15:39:17.354720,1,3,1,3
CL-000189,No title available,UNKNOWN,Distribution Operations,systems,UNKNOWN impacts Distribution Operations,"If UNKNOWN occurs affecting systems, potential disruption to distribution operations.",Potential disruption to Distribution Operations,Investigate recovery procedures,1,Weak,False,True,True,2026-04-28T15:39:17.352837,1,3,1,3
CL-000203,Nissan says stolen data came from third-party vendor after hacking group claims breach - The Record from Recorded Future News,SECURITY_BREACH,Vendor Risk,UNKNOWN,SECURITY_BREACH impacts Vendor Risk,"If SECURITY_BREACH occurs affecting UNKNOWN, potential disruption to vendor risk.",Potential disruption to Vendor Risk,Investigate recovery procedures,1,Weak,True,True,True,2026-04-28T15:39:17.359192,1,3,1,3
CL-000202,No title available,UNKNOWN,Identity & Access Management,login,UNKNOWN impacts Identity & Access Management,"If UNKNOWN occurs affecting login, potential disruption to identity & access management.",Potential disruption to Identity & Access Management,Investigate recovery procedures,1,Weak,False,True,True,2026-04-28T15:39:17.358634,1,3,1,3
CL-000201,No title available,UNKNOWN,Procurement & Supply Chain,UNKNOWN,UNKNOWN impacts Procurement & Supply Chain,"If UNKNOWN occurs affecting UNKNOWN, potential disruption to procurement & supply chain.",Potential disruption to Procurement & Supply Chain,Investigate recovery procedures,1,Weak,False,True,True,2026-04-28T15:39:17.358292,1,3,1,3
CL-000200,Aramco-Dow joint venture Sadara Chemical halts production amid supply chain disruptions - Arab News,UNKNOWN,Procurement & Supply Chain,UNKNOWN,UNKNOWN impacts Procurement & Supply Chain,"If UNKNOWN occurs affecting UNKNOWN, potential disruption to procurement & supply chain.",Potential disruption to Procurement & Supply Chain,Investigate recovery procedures,1,Weak,False,True,True,2026-04-28T15:39:17.357935,1,3,1,3
CL-000199,No title available,SECURITY_BREACH,Vendor Risk,UNKNOWN,SECURITY_BREACH impacts Vendor Risk,"If SECURITY_BREACH occurs affecting UNKNOWN, potential disruption to vendor risk.",Potential disruption to Vendor Risk,Investigate recovery procedures,1,Weak,True,True,True,2026-04-28T15:39:17.357422,1,3,1,3
CL-000204,UK textile supplier collapse highlights ongoing pressure in home furnishings supply chain - InteriorDaily,UNKNOWN,Procurement & Supply Chain,UNKNOWN,UNKNOWN impacts Procurement & Supply Chain,"If UNKNOWN occurs affecting UNKNOWN, potential disruption to procurement & supply chain.",Potential disruption to Procurement & Supply Chain,Investigate recovery procedures,1,Weak,False,True,True,2026-04-28T15:39:17.359687,1,3,1,3
CL-000205,No title available,UNKNOWN,Compliance & Governance,UNKNOWN,UNKNOWN impacts Compliance & Governance,"If UNKNOWN occurs affecting UNKNOWN, potential disruption to compliance & governance.",Potential disruption to Compliance & Governance,Investigate recovery procedures,1,Weak,False,True,True,2026-04-28T15:39:17.360040,1,3,1,3
CL-000207,No title available,SECURITY_BREACH,Vendor Risk,UNKNOWN,SECURITY_BREACH impacts Vendor Risk,"If SECURITY_BREACH occurs affecting UNKNOWN, potential disruption to vendor risk.",Potential disruption to Vendor Risk,Investigate recovery procedures,1,Weak,True,True,True,2026-04-28T15:39:17.360911,1,3,1,3
CL-000211,No title available,UNKNOWN,Physical Infrastructure,UNKNOWN,UNKNOWN impacts Physical Infrastructure,"If UNKNOWN occurs affecting UNKNOWN, potential disruption to physical infrastructure.",Potential disruption to Physical Infrastructure,Investigate recovery procedures,1,Weak,False,True,True,2026-04-28T15:39:17.362500,1,3,1,3
CL-000210,No title available,SECURITY_BREACH,Vendor Risk,UNKNOWN,SECURITY_BREACH impacts Vendor Risk,"If SECURITY_BREACH occurs affecting UNKNOWN, potential disruption to vendor risk.",Potential disruption to Vendor Risk,Investigate recovery procedures,1,Weak,True,True,True,2026-04-28T15:39:17.362152,1,3,1,3
CL-000209,No title available,UNKNOWN,Procurement & Supply Chain,UNKNOWN,UNKNOWN impacts Procurement & Supply Chain,"If UNKNOWN occurs affecting UNKNOWN, potential disruption to procurement & supply chain.",Potential disruption to Procurement & Supply Chain,Investigate recovery procedures,1,Weak,False,True,True,2026-04-28T15:39:17.361798,1,3,1,3
CL-000208,Stryker Cyberattack Has Impacted First Quarter Earnings - The HIPAA Journal,UNKNOWN,Security Operations,UNKNOWN,UNKNOWN impacts Security Operations,"If UNKNOWN occurs affecting UNKNOWN, potential disruption to security operations.",Potential disruption to Security Operations,Investigate recovery procedures,1,Weak,False,True,True,2026-04-28T15:39:17.361412,1,3,1,3
CL-000215,No title available,CYBER_OPERATIONAL_DISRUPTION,IT Operations,UNKNOWN,CYBER_OPERATIONAL_DISRUPTION impacts IT Operations,"If CYBER_OPERATIONAL_DISRUPTION occurs affecting UNKNOWN, potential disruption to it operations.",Potential disruption to IT Operations,Investigate recovery procedures,1,Weak,False,True,True,2026-04-28T15:39:17.364068,1,3,1,3
CL-000214,No title available,UNKNOWN,Identity & Access Management,login,UNKNOWN impacts Identity & Access Management,"If UNKNOWN occurs affecting login, potential disruption to identity & access management.",Potential disruption to Identity & Access Management,Investigate recovery procedures,1,Weak,False,True,True,2026-04-28T15:39:17.363732,1,3,1,3
CL-000218,No title available,UNKNOWN,Cloud Infrastructure,cloud,UNKNOWN impacts Cloud Infrastructure,"If UNKNOWN occurs affecting cloud, potential disruption to cloud infrastructure.",Potential disruption to Cloud Infrastructure,Investigate recovery procedures,1,Weak,False,True,True,2026-04-28T15:39:17.365124,1,3,1,3
CL-000219,Snowflake customers suffer data theft attacks after third-party issue - TechRadar,UNKNOWN,Vendor Risk,UNKNOWN,UNKNOWN impacts Vendor Risk,"If UNKNOWN occurs affecting UNKNOWN, potential disruption to vendor risk.",Potential disruption to Vendor Risk,Investigate recovery procedures,1,Weak,False,True,True,2026-04-28T15:39:17.365624,1,3,1,3
