cluster_id,incident_title,event_type,business_function,primary_asset,scenario_title,scenario_statement,operational_impact,recovery_focus,evidence_count,evidence_strength,testing_candidate_flag,documentation_update_flag,runbook_review_flag,last_updated
CL-000001,"Understanding Batch Processing: Function, Benefits, and Historical Context - Investopedia",UNKNOWN,Order Processing,UNKNOWN,UNKNOWN impacts Order Processing,"If UNKNOWN occurs affecting UNKNOWN, potential disruption to order processing.",Potential disruption to Order Processing,Investigate recovery procedures,1,Weak,False,True,True,2026-04-17T17:38:49.615644
CL-000002,Major Players in the 2008 Financial Crisis: Where Are They Now? - Investopedia,UNKNOWN,Order Processing,UNKNOWN,UNKNOWN impacts Order Processing,"If UNKNOWN occurs affecting UNKNOWN, potential disruption to order processing.",Potential disruption to Order Processing,Investigate recovery procedures,1,Weak,False,True,True,2026-04-17T17:38:49.616301
CL-000003,HIPAA and Health Care Data Privacy - 2018 Year-in-Review - Mintz,UNKNOWN,Compliance & Governance,UNKNOWN,UNKNOWN impacts Compliance & Governance,"If UNKNOWN occurs affecting UNKNOWN, potential disruption to compliance & governance.",Potential disruption to Compliance & Governance,Investigate recovery procedures,1,Weak,False,True,True,2026-04-17T17:38:49.616866
CL-000004,How CrowdStrike Protects Against Data-Wiping Malware - CrowdStrike,DESTRUCTIVE_CYBER_ATTACK,Security Operations,systems,DESTRUCTIVE_CYBER_ATTACK impacts Security Operations,"If DESTRUCTIVE_CYBER_ATTACK occurs affecting systems, potential disruption to security operations.",Potential disruption to Security Operations,Investigate recovery procedures,1,Weak,False,True,True,2026-04-17T17:38:49.617376
CL-000005,Detect CaddyWiper: Another Destructive Data Wiper to Attack Ukrainian Networks - SOC Prime,DESTRUCTIVE_CYBER_ATTACK,Security Operations,systems,DESTRUCTIVE_CYBER_ATTACK impacts Security Operations,"If DESTRUCTIVE_CYBER_ATTACK occurs affecting systems, potential disruption to security operations.",Potential disruption to Security Operations,Investigate recovery procedures,1,Weak,False,True,True,2026-04-17T17:38:49.617874
CL-000006,America’s Broken Criminal Legal System Contributes to Wealth Inequality - Center for American Progress,UNKNOWN,Order Processing,systems,UNKNOWN impacts Order Processing,"If UNKNOWN occurs affecting systems, potential disruption to order processing.",Potential disruption to Order Processing,Investigate recovery procedures,1,Weak,False,True,True,2026-04-17T17:38:49.618418
CL-000007,Oracle Cloud and NetSuite hit by global outage - Techzine Global,OUTAGE_CLOUD_REGION,Order Processing,cloud,Cloud regional outage disrupts hosted services,"If OUTAGE_CLOUD_REGION occurs affecting cloud, applications hosted in the region become unavailable.",Applications hosted in the region become unavailable,"Failover to alternate region, restore services, validate connectivity",1,Weak,True,True,True,2026-04-17T17:38:49.618929
CL-000008,Outage outrage! Why public cloud is putting data and business at risk - ERP Today,OUTAGE_CLOUD_REGION,Order Processing,cloud,Cloud regional outage disrupts hosted services,"If OUTAGE_CLOUD_REGION occurs affecting cloud, applications hosted in the region become unavailable.",Applications hosted in the region become unavailable,"Failover to alternate region, restore services, validate connectivity",1,Weak,True,True,True,2026-04-17T17:38:49.619615
CL-000009,Continuous vetting: keep your finances in order - army.mil,UNKNOWN,Order Processing,UNKNOWN,UNKNOWN impacts Order Processing,"If UNKNOWN occurs affecting UNKNOWN, potential disruption to order processing.",Potential disruption to Order Processing,Investigate recovery procedures,1,Weak,False,True,True,2026-04-17T17:38:49.620181
CL-000010,Warehouse drones scan codes to help track inventory - Indianapolis Business Journal,UNKNOWN,Distribution Operations,UNKNOWN,UNKNOWN impacts Distribution Operations,"If UNKNOWN occurs affecting UNKNOWN, potential disruption to distribution operations.",Potential disruption to Distribution Operations,Investigate recovery procedures,1,Weak,False,True,True,2026-04-17T17:38:49.620694
CL-000011,Major data center power failure (again): Cloudflare Code Orange tested - The Cloudflare Blog,UNKNOWN,Network Infrastructure,UNKNOWN,UNKNOWN impacts Network Infrastructure,"If UNKNOWN occurs affecting UNKNOWN, potential disruption to network infrastructure.",Potential disruption to Network Infrastructure,Investigate recovery procedures,1,Weak,False,True,True,2026-04-17T17:38:49.621186
CL-000012,Week’s Second London Data Center Outage Disrupts Connectivity - Data Center Knowledge,OUTAGE_APPLICATION,Network Infrastructure,applications,Critical application outage disrupts business operations,"If OUTAGE_APPLICATION occurs affecting applications, business processes are interrupted.",Business processes are interrupted,"Restart or restore application, validate integrations",1,Weak,True,True,True,2026-04-17T17:38:49.621725
CL-000013,POWER OUTAGE: Updates of the global situation - International Airport Review,OUTAGE_APPLICATION,Supplier Integration,applications,Critical application outage disrupts business operations,"If OUTAGE_APPLICATION occurs affecting applications, business processes are interrupted.",Business processes are interrupted,"Restart or restore application, validate integrations",1,Weak,True,True,True,2026-04-17T17:38:49.622245
CL-000014,Ukraine: Disk-wiping Attacks Precede Russian Invasion - SECURITY.COM,UNKNOWN,Security Operations,UNKNOWN,UNKNOWN impacts Security Operations,"If UNKNOWN occurs affecting UNKNOWN, potential disruption to security operations.",Potential disruption to Security Operations,Investigate recovery procedures,1,Weak,False,True,True,2026-04-17T17:38:49.622805
CL-000015,9 Regulations Reshaping Global Logistics: Here’s How to Decode Them - Inbound Logistics,UNKNOWN,Compliance & Governance,UNKNOWN,UNKNOWN impacts Compliance & Governance,"If UNKNOWN occurs affecting UNKNOWN, potential disruption to compliance & governance.",Potential disruption to Compliance & Governance,Investigate recovery procedures,1,Weak,False,True,True,2026-04-17T17:38:49.623310
CL-000016,RFID Solutions Attract Attention for Medication Inventory Management - American Hospital Association,UNKNOWN,Distribution Operations,UNKNOWN,UNKNOWN impacts Distribution Operations,"If UNKNOWN occurs affecting UNKNOWN, potential disruption to distribution operations.",Potential disruption to Distribution Operations,Investigate recovery procedures,1,Weak,False,True,True,2026-04-17T17:38:49.623835
CL-000017,Honeywell and Corvus Robotics Partner to Automate Warehouse Inventory Tracking - Dronelife,UNKNOWN,Distribution Operations,UNKNOWN,UNKNOWN impacts Distribution Operations,"If UNKNOWN occurs affecting UNKNOWN, potential disruption to distribution operations.",Potential disruption to Distribution Operations,Investigate recovery procedures,1,Weak,False,True,True,2026-04-17T17:38:49.624348
CL-000018,Oracle Health data center maintenance triggered EHR outage at CHS - Healthcare IT News,OUTAGE_APPLICATION,Identity & Access Management,applications,Critical application outage disrupts business operations,"If OUTAGE_APPLICATION occurs affecting applications, business processes are interrupted.",Business processes are interrupted,"Restart or restore application, validate integrations",1,Weak,True,True,True,2026-04-17T17:38:49.624832
CL-000019,UPS CEO issues grim delivery warning as service cuts 20k jobs & closes 17 sites - the-sun.com,UNKNOWN,Physical Infrastructure,UNKNOWN,UNKNOWN impacts Physical Infrastructure,"If UNKNOWN occurs affecting UNKNOWN, potential disruption to physical infrastructure.",Potential disruption to Physical Infrastructure,Investigate recovery procedures,1,Weak,False,True,True,2026-04-17T17:38:49.625316
CL-000020,Don’t blame renewables for Spain’s power outage - Reuters,OUTAGE_APPLICATION,Identity & Access Management,applications,Critical application outage disrupts business operations,"If OUTAGE_APPLICATION occurs affecting applications, business processes are interrupted.",Business processes are interrupted,"Restart or restore application, validate integrations",1,Weak,True,True,True,2026-04-17T17:38:49.625818
CL-000021,Malicious Go Modules Deliver Disk-Wiping Linux Malware in Advanced Supply Chain Attack - The Hacker News,UNKNOWN,Security Operations,UNKNOWN,UNKNOWN impacts Security Operations,"If UNKNOWN occurs affecting UNKNOWN, potential disruption to security operations.",Potential disruption to Security Operations,Investigate recovery procedures,1,Weak,False,True,True,2026-04-17T17:38:49.626324
CL-000022,Linux wiper malware hidden in malicious Go modules on GitHub - BleepingComputer,DESTRUCTIVE_CYBER_ATTACK,Security Operations,systems,DESTRUCTIVE_CYBER_ATTACK impacts Security Operations,"If DESTRUCTIVE_CYBER_ATTACK occurs affecting systems, potential disruption to security operations.",Potential disruption to Security Operations,Investigate recovery procedures,1,Weak,False,True,True,2026-04-17T17:38:49.626813
CL-000023,12 notable ERP implementation failures and why they failed - TechTarget,UNKNOWN,Order Processing,erp,UNKNOWN impacts Order Processing,"If UNKNOWN occurs affecting erp, potential disruption to order processing.",Potential disruption to Order Processing,Investigate recovery procedures,1,Weak,False,True,True,2026-04-17T17:38:49.627315
CL-000024,"Google suffers cloud outage, causing disruptions for OpenAI, Shopify and other services - CNBC",OUTAGE_CLOUD_REGION,Identity & Access Management,cloud,Cloud regional outage disrupts hosted services,"If OUTAGE_CLOUD_REGION occurs affecting cloud, applications hosted in the region become unavailable.",Applications hosted in the region become unavailable,"Failover to alternate region, restore services, validate connectivity",1,Weak,True,True,True,2026-04-17T17:38:49.627800
CL-000025,Anubis: A Closer Look at an Emerging Ransomware with Built-in Wiper - www.trendmicro.com,SECURITY_RANSOMWARE,Security Operations,UNKNOWN,Ransomware disrupts operations and recovery capability,"If SECURITY_RANSOMWARE occurs affecting UNKNOWN, systems become unavailable, operations halt, recovery timelines increase.","Systems become unavailable, operations halt, recovery timelines increase","Restore from backup, validate integrity, rebuild systems, isolate network",1,Weak,True,True,True,2026-04-17T17:38:49.628305
CL-000026,Dundee University bosses quit after damning report into financial collapse - BBC,UNKNOWN,Order Processing,UNKNOWN,UNKNOWN impacts Order Processing,"If UNKNOWN occurs affecting UNKNOWN, potential disruption to order processing.",Potential disruption to Order Processing,Investigate recovery procedures,1,Weak,False,True,True,2026-04-17T17:38:49.628792
CL-000027,AI chip power demands push data centers to get creative - qz.com,UNKNOWN,Network Infrastructure,UNKNOWN,UNKNOWN impacts Network Infrastructure,"If UNKNOWN occurs affecting UNKNOWN, potential disruption to network infrastructure.",Potential disruption to Network Infrastructure,Investigate recovery procedures,1,Weak,False,True,True,2026-04-17T17:38:49.629308
CL-000028,Editorials: Top 16 Warehouse Automation Trends to Know | Cyngn - A3 Association for Advancing Automation,UNKNOWN,Distribution Operations,UNKNOWN,UNKNOWN impacts Distribution Operations,"If UNKNOWN occurs affecting UNKNOWN, potential disruption to distribution operations.",Potential disruption to Distribution Operations,Investigate recovery procedures,1,Weak,False,True,True,2026-04-17T17:38:49.629852
CL-000029,Russian Supplier of Military Microelectronics Halts Operations - Мілітарний,UNKNOWN,Procurement & Supply Chain,UNKNOWN,UNKNOWN impacts Procurement & Supply Chain,"If UNKNOWN occurs affecting UNKNOWN, potential disruption to procurement & supply chain.",Potential disruption to Procurement & Supply Chain,Investigate recovery procedures,1,Weak,False,True,True,2026-04-17T17:38:49.630418
CL-000030,How to get a risk management job in banking and finance - eFinancialCareers,UNKNOWN,Order Processing,UNKNOWN,UNKNOWN impacts Order Processing,"If UNKNOWN occurs affecting UNKNOWN, potential disruption to order processing.",Potential disruption to Order Processing,Investigate recovery procedures,1,Weak,False,True,True,2026-04-17T17:38:49.630920
CL-000031,Starlink outage: Service returns after over two hours down - Engadget,OUTAGE_APPLICATION,Network Infrastructure,applications,Critical application outage disrupts business operations,"If OUTAGE_APPLICATION occurs affecting applications, business processes are interrupted.",Business processes are interrupted,"Restart or restore application, validate integrations",1,Weak,True,True,True,2026-04-17T17:38:49.631429
CL-000032,US National AI Policy: Practical Implications for U.S. Supply Chains - Logistics Viewpoints,UNKNOWN,Compliance & Governance,UNKNOWN,UNKNOWN impacts Compliance & Governance,"If UNKNOWN occurs affecting UNKNOWN, potential disruption to compliance & governance.",Potential disruption to Compliance & Governance,Investigate recovery procedures,1,Weak,False,True,True,2026-04-17T17:38:49.631936
CL-000033,SpaceX probes for cause of Starlink's global satellite network outage - Reuters,OUTAGE_NETWORK,Network Infrastructure,network,Network outage disrupts connectivity,"If OUTAGE_NETWORK occurs affecting network, systems and users lose access to services.",Systems and users lose access to services,"Restore network paths, reroute traffic, validate connectivity",1,Weak,True,True,True,2026-04-17T17:38:49.632447
CL-000034,Elon Musk ‘sorry’ after Starlink satellite internet suffers global outage - Al Jazeera,OUTAGE_APPLICATION,Network Infrastructure,applications,Critical application outage disrupts business operations,"If OUTAGE_APPLICATION occurs affecting applications, business processes are interrupted.",Business processes are interrupted,"Restart or restore application, validate integrations",1,Weak,True,True,True,2026-04-17T17:38:49.632970
CL-000035,"Portugal to invest $466 million to boost grid management, battery storage after outage - Reuters",OUTAGE_APPLICATION,Distribution Operations,applications,Critical application outage disrupts business operations,"If OUTAGE_APPLICATION occurs affecting applications, business processes are interrupted.",Business processes are interrupted,"Restart or restore application, validate integrations",1,Weak,True,True,True,2026-04-17T17:38:49.633886
CL-000036,"Hacktivists, nation-state hackers target global maritime infrastructure as cyberattacks, GPS spoofing surge - Industrial Cyber",UNKNOWN,Cybersecurity,systems,UNKNOWN impacts Cybersecurity,"If UNKNOWN occurs affecting systems, potential disruption to cybersecurity.",Potential disruption to Cybersecurity,Investigate recovery procedures,1,Weak,False,True,True,2026-04-17T17:38:49.634440
CL-000037,Windows 10 End-of-Life: What It Means for HIPAA Compliance and Patient Data Security - HIT Consultant,UNKNOWN,Compliance & Governance,UNKNOWN,UNKNOWN impacts Compliance & Governance,"If UNKNOWN occurs affecting UNKNOWN, potential disruption to compliance & governance.",Potential disruption to Compliance & Governance,Investigate recovery procedures,1,Weak,False,True,True,2026-04-17T17:38:49.634943
CL-000038,Navigating EU packaging regulations: Innovations in automotive logistics packaging - Automotive Logistics,UNKNOWN,Compliance & Governance,UNKNOWN,UNKNOWN impacts Compliance & Governance,"If UNKNOWN occurs affecting UNKNOWN, potential disruption to compliance & governance.",Potential disruption to Compliance & Governance,Investigate recovery procedures,1,Weak,False,True,True,2026-04-17T17:38:49.635466
CL-000039,Musk's Starlink suffers apparent outage as SpaceX launches more satellites - CNBC,OUTAGE_APPLICATION,Network Infrastructure,applications,Critical application outage disrupts business operations,"If OUTAGE_APPLICATION occurs affecting applications, business processes are interrupted.",Business processes are interrupted,"Restart or restore application, validate integrations",1,Weak,True,True,True,2026-04-17T17:38:49.635982
CL-000040,State network begins to come back online after second day of failures - South Dakota Searchlight,UNKNOWN,Network Infrastructure,network,UNKNOWN impacts Network Infrastructure,"If UNKNOWN occurs affecting network, potential disruption to network infrastructure.",Potential disruption to Network Infrastructure,Investigate recovery procedures,1,Weak,False,True,True,2026-04-17T17:38:49.636477
CL-000041,Unleashing the synergy of agentic AI and zero trust to secure the supply chain - Atos,UNKNOWN,Cybersecurity,UNKNOWN,UNKNOWN impacts Cybersecurity,"If UNKNOWN occurs affecting UNKNOWN, potential disruption to cybersecurity.",Potential disruption to Cybersecurity,Investigate recovery procedures,1,Weak,False,True,True,2026-04-17T17:38:49.636958
CL-000042,Federal data website outage raises concerns among advocates - Federal News Network,OUTAGE_NETWORK,Order Processing,network,Network outage disrupts connectivity,"If OUTAGE_NETWORK occurs affecting network, systems and users lose access to services.",Systems and users lose access to services,"Restore network paths, reroute traffic, validate connectivity",1,Weak,True,True,True,2026-04-17T17:38:49.637480
CL-000043,"Managing time and attendance: Update to Kronos transition plan, system outage scheduled - Clemson News",OUTAGE_APPLICATION,Order Processing,systems,Critical application outage disrupts business operations,"If OUTAGE_APPLICATION occurs affecting systems, business processes are interrupted.",Business processes are interrupted,"Restart or restore application, validate integrations",1,Weak,True,True,True,2026-04-17T17:38:49.638020
CL-000044,"Managing time and attendance: Update to Kronos transition plan, system outage scheduled - Clemson News",OUTAGE_APPLICATION,Identity & Access Management,systems,Critical application outage disrupts business operations,"If OUTAGE_APPLICATION occurs affecting systems, business processes are interrupted.",Business processes are interrupted,"Restart or restore application, validate integrations",1,Weak,True,True,True,2026-04-17T17:38:49.638698
CL-000045,Confronting Cyber Threats in Logistics Networks - Supply & Demand Chain Executive,UNKNOWN,Cybersecurity,UNKNOWN,UNKNOWN impacts Cybersecurity,"If UNKNOWN occurs affecting UNKNOWN, potential disruption to cybersecurity.",Potential disruption to Cybersecurity,Investigate recovery procedures,1,Weak,False,True,True,2026-04-17T17:38:49.639449
CL-000046,"JLR shuts IT systems, halts UK plant production after cyberattack - Automotive Manufacturing Solutions",CYBER_OPERATIONAL_DISRUPTION,IT Operations,systems,CYBER_OPERATIONAL_DISRUPTION impacts IT Operations,"If CYBER_OPERATIONAL_DISRUPTION occurs affecting systems, potential disruption to it operations.",Potential disruption to IT Operations,Investigate recovery procedures,1,Weak,False,True,True,2026-04-17T17:38:49.640267
CL-000047,Jaguar Land Rover staff to stay at home after cyber attack - BBC,UNKNOWN,IT Operations,UNKNOWN,UNKNOWN impacts IT Operations,"If UNKNOWN occurs affecting UNKNOWN, potential disruption to it operations.",Potential disruption to IT Operations,Investigate recovery procedures,1,Weak,False,True,True,2026-04-17T17:38:49.640784
CL-000048,Disruption to Jaguar Land Rover after cyber-attack may last until October - The Guardian,CYBER_OPERATIONAL_DISRUPTION,IT Operations,UNKNOWN,CYBER_OPERATIONAL_DISRUPTION impacts IT Operations,"If CYBER_OPERATIONAL_DISRUPTION occurs affecting UNKNOWN, potential disruption to it operations.",Potential disruption to IT Operations,Investigate recovery procedures,1,Weak,False,True,True,2026-04-17T17:38:49.641306
CL-000049,DKSH Modernises Distribution Operations with Major Technology Upgrade - Nation Thailand,UNKNOWN,Distribution Operations,UNKNOWN,UNKNOWN impacts Distribution Operations,"If UNKNOWN occurs affecting UNKNOWN, potential disruption to distribution operations.",Potential disruption to Distribution Operations,Investigate recovery procedures,1,Weak,False,True,True,2026-04-17T17:38:49.641830
CL-000050,"Jaguar Land Rover cyberattack deepens, with prolonged production outage, supply chain fallout - Industrial Cyber",OUTAGE_APPLICATION,IT Operations,applications,Critical application outage disrupts business operations,"If OUTAGE_APPLICATION occurs affecting applications, business processes are interrupted.",Business processes are interrupted,"Restart or restore application, validate integrations",1,Weak,True,True,True,2026-04-17T17:38:49.642420
CL-000051,Mercantile Ports & Logistics starts legal action as refinancing talks fail - ET Infra,UNKNOWN,Compliance & Governance,UNKNOWN,UNKNOWN impacts Compliance & Governance,"If UNKNOWN occurs affecting UNKNOWN, potential disruption to compliance & governance.",Potential disruption to Compliance & Governance,Investigate recovery procedures,1,Weak,False,True,True,2026-04-17T17:38:49.643021
CL-000052,"European airports snarled by cyberattack, disruption to stretch into Sunday - Reuters",CYBER_OPERATIONAL_DISRUPTION,IT Operations,UNKNOWN,CYBER_OPERATIONAL_DISRUPTION impacts IT Operations,"If CYBER_OPERATIONAL_DISRUPTION occurs affecting UNKNOWN, potential disruption to it operations.",Potential disruption to IT Operations,Investigate recovery procedures,1,Weak,False,True,True,2026-04-17T17:38:49.643740
CL-000053,Suspected cyberattack disrupts Circle K chain’s operations in Hong Kong - The Record from Recorded Future News,CYBER_OPERATIONAL_DISRUPTION,IT Operations,UNKNOWN,CYBER_OPERATIONAL_DISRUPTION impacts IT Operations,"If CYBER_OPERATIONAL_DISRUPTION occurs affecting UNKNOWN, potential disruption to it operations.",Potential disruption to IT Operations,Investigate recovery procedures,1,Weak,False,True,True,2026-04-17T17:38:49.644371
CL-000054,Brewer Asahi suspends domestic operations after cyberattack disrupts ordering and shipping - Industrial Cyber,CYBER_OPERATIONAL_DISRUPTION,IT Operations,UNKNOWN,CYBER_OPERATIONAL_DISRUPTION impacts IT Operations,"If CYBER_OPERATIONAL_DISRUPTION occurs affecting UNKNOWN, potential disruption to it operations.",Potential disruption to IT Operations,Investigate recovery procedures,1,Weak,False,True,True,2026-04-17T17:38:49.644957
CL-000055,Border services’ kiosk outage resolved at Canadian airports - CityNews Edmonton,OUTAGE_APPLICATION,Supplier Integration,applications,Critical application outage disrupts business operations,"If OUTAGE_APPLICATION occurs affecting applications, business processes are interrupted.",Business processes are interrupted,"Restart or restore application, validate integrations",1,Weak,True,True,True,2026-04-17T17:38:49.645589
CL-000056,"Cyberattack halts Asahi production, disrupts Japan’s beer supply - TradingView",UNKNOWN,IT Operations,UNKNOWN,UNKNOWN impacts IT Operations,"If UNKNOWN occurs affecting UNKNOWN, potential disruption to it operations.",Potential disruption to IT Operations,Investigate recovery procedures,1,Weak,False,True,True,2026-04-17T17:38:49.646178
CL-000057,Asahi Cyber Attack: A Warning for Manufacturing OT Security - Manufacturing Digital,CYBER_OPERATIONAL_DISRUPTION,IT Operations,UNKNOWN,CYBER_OPERATIONAL_DISRUPTION impacts IT Operations,"If CYBER_OPERATIONAL_DISRUPTION occurs affecting UNKNOWN, potential disruption to it operations.",Potential disruption to IT Operations,Investigate recovery procedures,1,Weak,False,True,True,2026-04-17T17:38:49.646708
CL-000058,Discord Reveals Data Breach Following Third-Party Compromise - Infosecurity Magazine,SECURITY_BREACH,Vendor Risk,UNKNOWN,SECURITY_BREACH impacts Vendor Risk,"If SECURITY_BREACH occurs affecting UNKNOWN, potential disruption to vendor risk.",Potential disruption to Vendor Risk,Investigate recovery procedures,1,Weak,True,True,True,2026-04-17T17:38:49.647216
CL-000059,"CEVA Logistics adds Manhattan WMS, OMS to global warehouse innovation initiative - Cargo Airports & Airline Services",UNKNOWN,Distribution Operations,wms,UNKNOWN impacts Distribution Operations,"If UNKNOWN occurs affecting wms, potential disruption to distribution operations.",Potential disruption to Distribution Operations,Investigate recovery procedures,1,Weak,False,True,True,2026-04-17T17:38:49.647704
CL-000060,Microsoft 365 outage disrupts Teams and Exchange access globally - Techzine Global,OUTAGE_APPLICATION,Identity & Access Management,applications,Critical application outage disrupts business operations,"If OUTAGE_APPLICATION occurs affecting applications, business processes are interrupted.",Business processes are interrupted,"Restart or restore application, validate integrations",1,Weak,True,True,True,2026-04-17T17:38:49.648245
CL-000061,"Asahi Group Holdings Ransomware Attack 2025: Digital Order System Disrupted, Nationwide Beer Shortage in Japan - Rescana",SECURITY_RANSOMWARE,Cybersecurity,systems,Ransomware disrupts operations and recovery capability,"If SECURITY_RANSOMWARE occurs affecting systems, systems become unavailable, operations halt, recovery timelines increase.","Systems become unavailable, operations halt, recovery timelines increase","Restore from backup, validate integrity, rebuild systems, isolate network",1,Weak,True,True,True,2026-04-17T17:38:49.648757
CL-000062,The Fight Against Ransomware Heats Up on the Factory Floor - Dark Reading,SECURITY_RANSOMWARE,Cybersecurity,UNKNOWN,Ransomware disrupts operations and recovery capability,"If SECURITY_RANSOMWARE occurs affecting UNKNOWN, systems become unavailable, operations halt, recovery timelines increase.","Systems become unavailable, operations halt, recovery timelines increase","Restore from backup, validate integrity, rebuild systems, isolate network",1,Weak,True,True,True,2026-04-17T17:38:49.649514
CL-000063,Microsoft investigates outage affecting Microsoft 365 apps - BleepingComputer,OUTAGE_APPLICATION,Identity & Access Management,applications,Critical application outage disrupts business operations,"If OUTAGE_APPLICATION occurs affecting applications, business processes are interrupted.",Business processes are interrupted,"Restart or restore application, validate integrations",1,Weak,True,True,True,2026-04-17T17:38:49.650280
CL-000064,Verizon Wireless Network Outage Affects a Number of U.S. Cities - Inside Towers,OUTAGE_NETWORK,Network Infrastructure,network,Network outage disrupts connectivity,"If OUTAGE_NETWORK occurs affecting network, systems and users lose access to services.",Systems and users lose access to services,"Restore network paths, reroute traffic, validate connectivity",1,Weak,True,True,True,2026-04-17T17:38:49.650844
CL-000065,AWS services recover after daylong outage hits major sites - CNBC,OUTAGE_APPLICATION,Transportation & Logistics,applications,Critical application outage disrupts business operations,"If OUTAGE_APPLICATION occurs affecting applications, business processes are interrupted.",Business processes are interrupted,"Restart or restore application, validate integrations",1,Weak,True,True,True,2026-04-17T17:38:49.651722
CL-000066,"Amazon cloud computing outage disrupts Snapchat, Ring and many other online services - PBS",OUTAGE_CLOUD_REGION,Cloud Infrastructure,cloud,Cloud regional outage disrupts hosted services,"If OUTAGE_CLOUD_REGION occurs affecting cloud, applications hosted in the region become unavailable.",Applications hosted in the region become unavailable,"Failover to alternate region, restore services, validate connectivity",1,Weak,True,True,True,2026-04-17T17:38:49.652255
CL-000067,AWS services recover after daylong outage hits major sites - CNBC,OUTAGE_APPLICATION,Cloud Infrastructure,applications,Critical application outage disrupts business operations,"If OUTAGE_APPLICATION occurs affecting applications, business processes are interrupted.",Business processes are interrupted,"Restart or restore application, validate integrations",1,Weak,True,True,True,2026-04-17T17:38:49.652763
CL-000068,Amazon Outage Forces Hundreds of Websites Offline for Hours - The New York Times,OUTAGE_APPLICATION,Cloud Infrastructure,applications,Critical application outage disrupts business operations,"If OUTAGE_APPLICATION occurs affecting applications, business processes are interrupted.",Business processes are interrupted,"Restart or restore application, validate integrations",1,Weak,True,True,True,2026-04-17T17:38:49.653289
CL-000069,Outage at Amazon Web Services disrupts websites across the internet - NPR,OUTAGE_APPLICATION,Cloud Infrastructure,applications,Critical application outage disrupts business operations,"If OUTAGE_APPLICATION occurs affecting applications, business processes are interrupted.",Business processes are interrupted,"Restart or restore application, validate integrations",1,Weak,True,True,True,2026-04-17T17:38:49.653795
CL-000070,AWS outage: Impact on Apps & Services - Panda Security - pandasecurity.com,OUTAGE_APPLICATION,Identity & Access Management,applications,Critical application outage disrupts business operations,"If OUTAGE_APPLICATION occurs affecting applications, business processes are interrupted.",Business processes are interrupted,"Restart or restore application, validate integrations",1,Weak,True,True,True,2026-04-17T17:38:49.654270
CL-000071,Are Cybercriminals Targeting Transport and Supply Chains? - Cyber Magazine,UNKNOWN,Cybersecurity,UNKNOWN,UNKNOWN impacts Cybersecurity,"If UNKNOWN occurs affecting UNKNOWN, potential disruption to cybersecurity.",Potential disruption to Cybersecurity,Investigate recovery procedures,1,Weak,False,True,True,2026-04-17T17:38:49.654779
CL-000072,Microsoft: The Cyber Dangers for Manufacturers and Suppliers - Manufacturing Digital,UNKNOWN,Cybersecurity,UNKNOWN,UNKNOWN impacts Cybersecurity,"If UNKNOWN occurs affecting UNKNOWN, potential disruption to cybersecurity.",Potential disruption to Cybersecurity,Investigate recovery procedures,1,Weak,False,True,True,2026-04-17T17:38:49.655285
CL-000073,AWS Outage Highlights Cloud Dependency Risks in Supply Chains - Logistics Viewpoints,OUTAGE_CLOUD_REGION,Distribution Operations,cloud,Cloud regional outage disrupts hosted services,"If OUTAGE_CLOUD_REGION occurs affecting cloud, applications hosted in the region become unavailable.",Applications hosted in the region become unavailable,"Failover to alternate region, restore services, validate connectivity",1,Weak,True,True,True,2026-04-17T17:38:49.655770
CL-000074,AWS October 2025 Outage: What Financial Executives Must Learn About Cloud Risk Management - Financial Executives International,OUTAGE_CLOUD_REGION,Order Processing,cloud,Cloud regional outage disrupts hosted services,"If OUTAGE_CLOUD_REGION occurs affecting cloud, applications hosted in the region become unavailable.",Applications hosted in the region become unavailable,"Failover to alternate region, restore services, validate connectivity",1,Weak,True,True,True,2026-04-17T17:38:49.656349
CL-000075,Amazon says AWS cloud service back to normal after outage disrupts businesses worldwide - Reuters,OUTAGE_CLOUD_REGION,Cloud Infrastructure,cloud,Cloud regional outage disrupts hosted services,"If OUTAGE_CLOUD_REGION occurs affecting cloud, applications hosted in the region become unavailable.",Applications hosted in the region become unavailable,"Failover to alternate region, restore services, validate connectivity",1,Weak,True,True,True,2026-04-17T17:38:49.656869
CL-000076,"What caused Amazon’s AWS outage, and why did so many major apps go offline? - Al Jazeera",OUTAGE_APPLICATION,Cloud Infrastructure,applications,Critical application outage disrupts business operations,"If OUTAGE_APPLICATION occurs affecting applications, business processes are interrupted.",Business processes are interrupted,"Restart or restore application, validate integrations",1,Weak,True,True,True,2026-04-17T17:38:49.657374
CL-000077,What caused the AWS outage - and why did it make the internet fall apart? - BBC,OUTAGE_APPLICATION,Cloud Infrastructure,applications,Critical application outage disrupts business operations,"If OUTAGE_APPLICATION occurs affecting applications, business processes are interrupted.",Business processes are interrupted,"Restart or restore application, validate integrations",1,Weak,True,True,True,2026-04-17T17:38:49.657883
CL-000078,Massachusetts Hospitals Experiencing Disruption Due to Cyberattack - The HIPAA Journal,CYBER_OPERATIONAL_DISRUPTION,IT Operations,UNKNOWN,CYBER_OPERATIONAL_DISRUPTION impacts IT Operations,"If CYBER_OPERATIONAL_DISRUPTION occurs affecting UNKNOWN, potential disruption to it operations.",Potential disruption to IT Operations,Investigate recovery procedures,1,Weak,False,True,True,2026-04-17T17:38:49.658370
CL-000079,AWS outage disrupts logistics platforms - Transport Intelligence,OUTAGE_APPLICATION,Distribution Operations,applications,Critical application outage disrupts business operations,"If OUTAGE_APPLICATION occurs affecting applications, business processes are interrupted.",Business processes are interrupted,"Restart or restore application, validate integrations",1,Weak,True,True,True,2026-04-17T17:38:49.658857
CL-000080,State officials: Blue Cross-Blue Shield breach could compromise one-third of all residents' data - Daily Montanan,SECURITY_BREACH,Vendor Risk,UNKNOWN,SECURITY_BREACH impacts Vendor Risk,"If SECURITY_BREACH occurs affecting UNKNOWN, potential disruption to vendor risk.",Potential disruption to Vendor Risk,Investigate recovery procedures,1,Weak,True,True,True,2026-04-17T17:38:49.659350
CL-000081,"PepsiCo reduces downtime and costs, cuts device build time by 50% with Intune - Microsoft",OUTAGE_APPLICATION,Distribution Operations,endpoints,Critical application outage disrupts business operations,"If OUTAGE_APPLICATION occurs affecting endpoints, business processes are interrupted.",Business processes are interrupted,"Restart or restore application, validate integrations",1,Weak,True,True,True,2026-04-17T17:38:49.659849
CL-000082,Hawaiian + Alaska Hit By Second Tech/Website Outage This Week - Beat of Hawaii,OUTAGE_APPLICATION,Identity & Access Management,applications,Critical application outage disrupts business operations,"If OUTAGE_APPLICATION occurs affecting applications, business processes are interrupted.",Business processes are interrupted,"Restart or restore application, validate integrations",1,Weak,True,True,True,2026-04-17T17:38:49.660328
CL-000083,Combatting Supply Chain Cyber Threats: Safeguarding Data and Protecting Digital Supply Chains in a Rapidly Evolving Cyber Landscape - Foley & Lardner LLP,UNKNOWN,Cybersecurity,UNKNOWN,UNKNOWN impacts Cybersecurity,"If UNKNOWN occurs affecting UNKNOWN, potential disruption to cybersecurity.",Potential disruption to Cybersecurity,Investigate recovery procedures,1,Weak,False,True,True,2026-04-17T17:38:49.660791
CL-000084,Japanese retailer Askul confirms data leak after cyberattack claimed by Russia-linked group - The Record from Recorded Future News,SECURITY_BREACH,Cybersecurity,UNKNOWN,SECURITY_BREACH impacts Cybersecurity,"If SECURITY_BREACH occurs affecting UNKNOWN, potential disruption to cybersecurity.",Potential disruption to Cybersecurity,Investigate recovery procedures,1,Weak,True,True,True,2026-04-17T17:38:49.661484
CL-000085,"At least seven dead after UPS plane crashes in fireball on takeoff from Louisville, Kentucky - Reuters",UNKNOWN,Physical Infrastructure,UNKNOWN,UNKNOWN impacts Physical Infrastructure,"If UNKNOWN occurs affecting UNKNOWN, potential disruption to physical infrastructure.",Potential disruption to Physical Infrastructure,Investigate recovery procedures,1,Weak,False,True,True,2026-04-17T17:38:49.662083
CL-000086,TRACKING RANSOMWARE : OCTOBER 2025 - cyfirma,SECURITY_RANSOMWARE,Cybersecurity,UNKNOWN,Ransomware disrupts operations and recovery capability,"If SECURITY_RANSOMWARE occurs affecting UNKNOWN, systems become unavailable, operations halt, recovery timelines increase.","Systems become unavailable, operations halt, recovery timelines increase","Restore from backup, validate integrity, rebuild systems, isolate network",1,Weak,True,True,True,2026-04-17T17:38:49.662609
CL-000087,County Library system can't get new books after its distributor ceases operations - The Palm Beach Post,UNKNOWN,Procurement & Supply Chain,systems,UNKNOWN impacts Procurement & Supply Chain,"If UNKNOWN occurs affecting systems, potential disruption to procurement & supply chain.",Potential disruption to Procurement & Supply Chain,Investigate recovery procedures,1,Weak,False,True,True,2026-04-17T17:38:49.663112
CL-000088,SAP apologizes for customer portal outage - theregister.com,OUTAGE_APPLICATION,Order Processing,applications,Critical application outage disrupts business operations,"If OUTAGE_APPLICATION occurs affecting applications, business processes are interrupted.",Business processes are interrupted,"Restart or restore application, validate integrations",1,Weak,True,True,True,2026-04-17T17:38:49.663606
CL-000089,Cloudflare traces hours-long outage to one single file - Axios,OUTAGE_APPLICATION,Supplier Integration,applications,Critical application outage disrupts business operations,"If OUTAGE_APPLICATION occurs affecting applications, business processes are interrupted.",Business processes are interrupted,"Restart or restore application, validate integrations",1,Weak,True,True,True,2026-04-17T17:38:49.664082
CL-000090,"Cloudflare outage on November 18, 2025 - The Cloudflare Blog",OUTAGE_APPLICATION,Network Infrastructure,applications,Critical application outage disrupts business operations,"If OUTAGE_APPLICATION occurs affecting applications, business processes are interrupted.",Business processes are interrupted,"Restart or restore application, validate integrations",1,Weak,True,True,True,2026-04-17T17:38:49.664588
CL-000091,Why Supply Chain Automation Fails Before It Even Starts - Logistics Viewpoints,UNKNOWN,Transportation & Logistics,UNKNOWN,UNKNOWN impacts Transportation & Logistics,"If UNKNOWN occurs affecting UNKNOWN, potential disruption to transportation & logistics.",Potential disruption to Transportation & Logistics,Investigate recovery procedures,1,Weak,False,True,True,2026-04-17T17:38:49.665071
CL-000092,Hundreds of Salesforce customers hit by yet another third-party vendor breach - CyberScoop,SECURITY_BREACH,Vendor Risk,UNKNOWN,SECURITY_BREACH impacts Vendor Risk,"If SECURITY_BREACH occurs affecting UNKNOWN, potential disruption to vendor risk.",Potential disruption to Vendor Risk,Investigate recovery procedures,1,Weak,True,True,True,2026-04-17T17:38:49.665569
CL-000093,Comcast to pay $1.5 million US fine after vendor data breach - Reuters,SECURITY_BREACH,Vendor Risk,UNKNOWN,SECURITY_BREACH impacts Vendor Risk,"If SECURITY_BREACH occurs affecting UNKNOWN, potential disruption to vendor risk.",Potential disruption to Vendor Risk,Investigate recovery procedures,1,Weak,True,True,True,2026-04-17T17:38:49.666060
CL-000094,Bankrupt auto supplier First Brands sues ex-CEO for allegedly misusing company funds - Car Dealership Guy News,UNKNOWN,Procurement & Supply Chain,UNKNOWN,UNKNOWN impacts Procurement & Supply Chain,"If UNKNOWN occurs affecting UNKNOWN, potential disruption to procurement & supply chain.",Potential disruption to Procurement & Supply Chain,Investigate recovery procedures,1,Weak,False,True,True,2026-04-17T17:38:49.666563
CL-000095,Microsoft loses two senior AI infrastructure leaders as data center pressures mount - Network World,UNKNOWN,Network Infrastructure,systems,UNKNOWN impacts Network Infrastructure,"If UNKNOWN occurs affecting systems, potential disruption to network infrastructure.",Potential disruption to Network Infrastructure,Investigate recovery procedures,1,Weak,False,True,True,2026-04-17T17:38:49.667035
CL-000096,Australia's Optus blames vandals for network outage near Melbourne - Data Center Dynamics,OUTAGE_NETWORK,Transportation & Logistics,network,Network outage disrupts connectivity,"If OUTAGE_NETWORK occurs affecting network, systems and users lose access to services.",Systems and users lose access to services,"Restore network paths, reroute traffic, validate connectivity",1,Weak,True,True,True,2026-04-17T17:38:49.667520
CL-000097,"Gainsight Verifies Token Breach Linked to Salesforce Advisory, Issues New IOCs - gbhackers.com",SECURITY_BREACH,Identity & Access Management,UNKNOWN,SECURITY_BREACH impacts Identity & Access Management,"If SECURITY_BREACH occurs affecting UNKNOWN, potential disruption to identity & access management.",Potential disruption to Identity & Access Management,Investigate recovery procedures,1,Weak,True,True,True,2026-04-17T17:38:49.668009
CL-000098,AI and EVs: A New Era of Zero-Failure Delivery for Small Businesses - Entrepreneur India,UNKNOWN,Transportation & Logistics,UNKNOWN,UNKNOWN impacts Transportation & Logistics,"If UNKNOWN occurs affecting UNKNOWN, potential disruption to transportation & logistics.",Potential disruption to Transportation & Logistics,Investigate recovery procedures,1,Weak,False,True,True,2026-04-17T17:38:49.668488
CL-000099,Shopify Outage Resolved After Disrupting Cyber Monday Sales - The Tech Buzz,OUTAGE_APPLICATION,Identity & Access Management,applications,Critical application outage disrupts business operations,"If OUTAGE_APPLICATION occurs affecting applications, business processes are interrupted.",Business processes are interrupted,"Restart or restore application, validate integrations",1,Weak,True,True,True,2026-04-17T17:38:49.668956
CL-000100,Comcast to pay $1.5M to resolve vendor data breach - Light Reading,SECURITY_BREACH,Vendor Risk,UNKNOWN,SECURITY_BREACH impacts Vendor Risk,"If SECURITY_BREACH occurs affecting UNKNOWN, potential disruption to vendor risk.",Potential disruption to Vendor Risk,Investigate recovery procedures,1,Weak,True,True,True,2026-04-17T17:38:49.669469
CL-000101,"Delta Cancels 100s of Flights at Detroit Amid Outage, DL208 Diverted and More - Aviation A2Z",OUTAGE_APPLICATION,Supplier Integration,applications,Critical application outage disrupts business operations,"If OUTAGE_APPLICATION occurs affecting applications, business processes are interrupted.",Business processes are interrupted,"Restart or restore application, validate integrations",1,Weak,True,True,True,2026-04-17T17:38:49.669948
CL-000102,Frantic Friday: Network Outage Brings Delta's Detroit Hub To A Halt - Simple Flying,OUTAGE_NETWORK,Supplier Integration,network,Network outage disrupts connectivity,"If OUTAGE_NETWORK occurs affecting network, systems and users lose access to services.",Systems and users lose access to services,"Restore network paths, reroute traffic, validate connectivity",1,Weak,True,True,True,2026-04-17T17:38:49.670417
CL-000103,Flights resume at Edinburgh Airport after air traffic control outage - BBC,OUTAGE_APPLICATION,Supplier Integration,applications,Critical application outage disrupts business operations,"If OUTAGE_APPLICATION occurs affecting applications, business processes are interrupted.",Business processes are interrupted,"Restart or restore application, validate integrations",1,Weak,True,True,True,2026-04-17T17:38:49.670909
CL-000104,Did the lights go out during the 15-year-old's surgery? Durrës Hospital responds: There was no power outage - voxnews.al,OUTAGE_APPLICATION,Supplier Integration,applications,Critical application outage disrupts business operations,"If OUTAGE_APPLICATION occurs affecting applications, business processes are interrupted.",Business processes are interrupted,"Restart or restore application, validate integrations",1,Weak,True,True,True,2026-04-17T17:38:49.671396
CL-000105,"Cloudflare reports issues with dashboard and related APIs, weeks after major outage - Data Center Dynamics",OUTAGE_APPLICATION,Transportation & Logistics,applications,Critical application outage disrupts business operations,"If OUTAGE_APPLICATION occurs affecting applications, business processes are interrupted.",Business processes are interrupted,"Restart or restore application, validate integrations",1,Weak,True,True,True,2026-04-17T17:38:49.671867
CL-000106,The Almaviva Cyber Incident: Supply-Chain Compromise and Critical Infrastructure Risks in Italy - debuglies.com,OUTAGE_APPLICATION,Cybersecurity,systems,Critical application outage disrupts business operations,"If OUTAGE_APPLICATION occurs affecting systems, business processes are interrupted.",Business processes are interrupted,"Restart or restore application, validate integrations",1,Weak,True,True,True,2026-04-17T17:38:49.672322
CL-000107,"Banks, Shopify, Zoom Hit Again as Cloudflare's Second December Outage Reveals Your Internet's Fragility - International Business Times UK",OUTAGE_APPLICATION,Identity & Access Management,applications,Critical application outage disrupts business operations,"If OUTAGE_APPLICATION occurs affecting applications, business processes are interrupted.",Business processes are interrupted,"Restart or restore application, validate integrations",1,Weak,True,True,True,2026-04-17T17:38:49.672798
CL-000108,Your cloud provider is a single point of failure - cio.com,UNKNOWN,Cloud Infrastructure,cloud,UNKNOWN impacts Cloud Infrastructure,"If UNKNOWN occurs affecting cloud, potential disruption to cloud infrastructure.",Potential disruption to Cloud Infrastructure,Investigate recovery procedures,1,Weak,False,True,True,2026-04-17T17:38:49.673300
CL-000109,"Ransomware surge intensifies across industrial sectors, with manufacturing accounting for 72% of Q3 cases - Industrial Cyber",SECURITY_RANSOMWARE,Cybersecurity,UNKNOWN,Ransomware disrupts operations and recovery capability,"If SECURITY_RANSOMWARE occurs affecting UNKNOWN, systems become unavailable, operations halt, recovery timelines increase.","Systems become unavailable, operations halt, recovery timelines increase","Restore from backup, validate integrity, rebuild systems, isolate network",1,Weak,True,True,True,2026-04-17T17:38:49.673767
CL-000110,Global Business Essentials: Global Shipping Risks and the Growing Need for Comprehensive Logistics Insurance - 삼성물산,UNKNOWN,Transportation & Logistics,UNKNOWN,UNKNOWN impacts Transportation & Logistics,"If UNKNOWN occurs affecting UNKNOWN, potential disruption to transportation & logistics.",Potential disruption to Transportation & Logistics,Investigate recovery procedures,1,Weak,False,True,True,2026-04-17T17:38:49.674242
CL-000111,"A 10-Hour Data Center Outage Is Testing the Ambitions of KKR, GIP - Insurance Journal",OUTAGE_APPLICATION,Physical Infrastructure,applications,Critical application outage disrupts business operations,"If OUTAGE_APPLICATION occurs affecting applications, business processes are interrupted.",Business processes are interrupted,"Restart or restore application, validate integrations",1,Weak,True,True,True,2026-04-17T17:38:49.674716
CL-000112,New HIPAA Regulations in 2026 - The HIPAA Journal,UNKNOWN,Compliance & Governance,UNKNOWN,UNKNOWN impacts Compliance & Governance,"If UNKNOWN occurs affecting UNKNOWN, potential disruption to compliance & governance.",Potential disruption to Compliance & Governance,Investigate recovery procedures,1,Weak,False,True,True,2026-04-17T17:38:49.675202
CL-000113,What are the HIPAA Photography Rules? Updated for 2026. - The HIPAA Journal,UNKNOWN,Compliance & Governance,UNKNOWN,UNKNOWN impacts Compliance & Governance,"If UNKNOWN occurs affecting UNKNOWN, potential disruption to compliance & governance.",Potential disruption to Compliance & Governance,Investigate recovery procedures,1,Weak,False,True,True,2026-04-17T17:38:49.675664
CL-000114,"Third-Party Data Breaches: What You Need to Know | Mitratech Holdings, Inc - JD Supra",SECURITY_BREACH,Vendor Risk,UNKNOWN,SECURITY_BREACH impacts Vendor Risk,"If SECURITY_BREACH occurs affecting UNKNOWN, potential disruption to vendor risk.",Potential disruption to Vendor Risk,Investigate recovery procedures,1,Weak,True,True,True,2026-04-17T17:38:49.676143
CL-000115,"Third-Party Data Breaches: What You Need to Know | Mitratech Holdings, Inc - JD Supra",SECURITY_BREACH,Vendor Risk,UNKNOWN,SECURITY_BREACH impacts Vendor Risk,"If SECURITY_BREACH occurs affecting UNKNOWN, potential disruption to vendor risk.",Potential disruption to Vendor Risk,Investigate recovery procedures,1,Weak,True,True,True,2026-04-17T17:38:49.676628
CL-000116,Company faces legal action after worker seriously hurt in vending machine fall - Kent Online,UNKNOWN,Compliance & Governance,UNKNOWN,UNKNOWN impacts Compliance & Governance,"If UNKNOWN occurs affecting UNKNOWN, potential disruption to compliance & governance.",Potential disruption to Compliance & Governance,Investigate recovery procedures,1,Weak,False,True,True,2026-04-17T17:38:49.677154
CL-000117,Critical infrastructure facing cyber surge in OT and supply chains in 2026 | feature | SC Media - SC Media,UNKNOWN,Cybersecurity,systems,UNKNOWN impacts Cybersecurity,"If UNKNOWN occurs affecting systems, potential disruption to cybersecurity.",Potential disruption to Cybersecurity,Investigate recovery procedures,1,Weak,False,True,True,2026-04-17T17:38:49.677655
CL-000118,Domo halts production at German plants as insolvency talks collapse - Plastics News,UNKNOWN,Procurement & Supply Chain,UNKNOWN,UNKNOWN impacts Procurement & Supply Chain,"If UNKNOWN occurs affecting UNKNOWN, potential disruption to procurement & supply chain.",Potential disruption to Procurement & Supply Chain,Investigate recovery procedures,1,Weak,False,True,True,2026-04-17T17:38:49.678135
CL-000119,Major phone carrier suffers significant service outage - Yahoo,OUTAGE_APPLICATION,Transportation & Logistics,applications,Critical application outage disrupts business operations,"If OUTAGE_APPLICATION occurs affecting applications, business processes are interrupted.",Business processes are interrupted,"Restart or restore application, validate integrations",1,Weak,True,True,True,2026-04-17T17:38:49.678596
CL-000120,Verizon outage leaves millions without basic connectivity [Update] - Android Police,OUTAGE_APPLICATION,Transportation & Logistics,applications,Critical application outage disrupts business operations,"If OUTAGE_APPLICATION occurs affecting applications, business processes are interrupted.",Business processes are interrupted,"Restart or restore application, validate integrations",1,Weak,True,True,True,2026-04-17T17:38:49.679089
CL-000121,Verizon Credit Incoming? Senator Wants to Force Carriers to Issue Outage Refunds - Yahoo,OUTAGE_APPLICATION,Transportation & Logistics,applications,Critical application outage disrupts business operations,"If OUTAGE_APPLICATION occurs affecting applications, business processes are interrupted.",Business processes are interrupted,"Restart or restore application, validate integrations",1,Weak,True,True,True,2026-04-17T17:38:49.679587
CL-000122,The Blast Radius Problem: What the 2025 AWS Outage Reveals About Healthcare’s Cloud Fragility - MedCity News,OUTAGE_CLOUD_REGION,Cloud Infrastructure,cloud,Cloud regional outage disrupts hosted services,"If OUTAGE_CLOUD_REGION occurs affecting cloud, applications hosted in the region become unavailable.",Applications hosted in the region become unavailable,"Failover to alternate region, restore services, validate connectivity",1,Weak,True,True,True,2026-04-17T17:38:49.680061
CL-000123,Verizon promises account credits to those impacted by outage - qz.com,OUTAGE_APPLICATION,Transportation & Logistics,applications,Critical application outage disrupts business operations,"If OUTAGE_APPLICATION occurs affecting applications, business processes are interrupted.",Business processes are interrupted,"Restart or restore application, validate integrations",1,Weak,True,True,True,2026-04-17T17:38:49.680532
CL-000124,A part that broke on a UPS plane that crashed in Kentucky failed 4 times on other planes years ago - AP News,UNKNOWN,Physical Infrastructure,UNKNOWN,UNKNOWN impacts Physical Infrastructure,"If UNKNOWN occurs affecting UNKNOWN, potential disruption to physical infrastructure.",Potential disruption to Physical Infrastructure,Investigate recovery procedures,1,Weak,False,True,True,2026-04-17T17:38:49.681024
CL-000125,How to claim Verizon's $20 credit for Wednesday's service outage - Engadget,OUTAGE_APPLICATION,Transportation & Logistics,applications,Critical application outage disrupts business operations,"If OUTAGE_APPLICATION occurs affecting applications, business processes are interrupted.",Business processes are interrupted,"Restart or restore application, validate integrations",1,Weak,True,True,True,2026-04-17T17:38:49.681492
CL-000126,"Verizon Outage Caused by Software Issue, but Details Are Still Elusive - CNET",OUTAGE_APPLICATION,Network Infrastructure,applications,Critical application outage disrupts business operations,"If OUTAGE_APPLICATION occurs affecting applications, business processes are interrupted.",Business processes are interrupted,"Restart or restore application, validate integrations",1,Weak,True,True,True,2026-04-17T17:38:49.681955
CL-000127,Cloud Compliance Requirements: What You Need to Know - appinventiv.com,UNKNOWN,Compliance & Governance,cloud,UNKNOWN impacts Compliance & Governance,"If UNKNOWN occurs affecting cloud, potential disruption to compliance & governance.",Potential disruption to Compliance & Governance,Investigate recovery procedures,1,Weak,False,True,True,2026-04-17T17:38:49.682448
CL-000128,How Russian Military Logistics Sustains Frontline Combat - Военное дело,UNKNOWN,Transportation & Logistics,UNKNOWN,UNKNOWN impacts Transportation & Logistics,"If UNKNOWN occurs affecting UNKNOWN, potential disruption to transportation & logistics.",Potential disruption to Transportation & Logistics,Investigate recovery procedures,1,Weak,False,True,True,2026-04-17T17:38:49.682928
CL-000129,New Reports Reinforce Cyberattack’s Role in Maduro Capture Blackout - SecurityWeek,UNKNOWN,IT Operations,UNKNOWN,UNKNOWN impacts IT Operations,"If UNKNOWN occurs affecting UNKNOWN, potential disruption to it operations.",Potential disruption to IT Operations,Investigate recovery procedures,1,Weak,False,True,True,2026-04-17T17:38:49.683400
CL-000130,Verizon outage: Analysts and more weigh in - Fierce Network,OUTAGE_NETWORK,Network Infrastructure,network,Network outage disrupts connectivity,"If OUTAGE_NETWORK occurs affecting network, systems and users lose access to services.",Systems and users lose access to services,"Restore network paths, reroute traffic, validate connectivity",1,Weak,True,True,True,2026-04-17T17:38:49.683861
CL-000131,Shipping delay exposure and its structural cost for corporate decision makers - Logistics Middle East,UNKNOWN,Transportation & Logistics,UNKNOWN,UNKNOWN impacts Transportation & Logistics,"If UNKNOWN occurs affecting UNKNOWN, potential disruption to transportation & logistics.",Potential disruption to Transportation & Logistics,Investigate recovery procedures,1,Weak,False,True,True,2026-04-17T17:38:49.684349
CL-000132,"The Verizon outage reveals the end of five-nine network reliability, and it could happen again - PhoneArena",OUTAGE_NETWORK,Network Infrastructure,network,Network outage disrupts connectivity,"If OUTAGE_NETWORK occurs affecting network, systems and users lose access to services.",Systems and users lose access to services,"Restore network paths, reroute traffic, validate connectivity",1,Weak,True,True,True,2026-04-17T17:38:49.684822
CL-000133,Sandworm’s DynoWiper Attack Targeting Polish Combined Heat and Power and Renewable Energy Management Systems: Incident Analysis and Lessons Learned - Rescana,DESTRUCTIVE_CYBER_ATTACK,Security Operations,systems,DESTRUCTIVE_CYBER_ATTACK impacts Security Operations,"If DESTRUCTIVE_CYBER_ATTACK occurs affecting systems, potential disruption to security operations.",Potential disruption to Security Operations,Investigate recovery procedures,1,Weak,False,True,True,2026-04-17T17:38:49.685315
CL-000134,TikTok Data Center Outage Triggers Trust Crisis for New US Owners - WIRED,OUTAGE_APPLICATION,Physical Infrastructure,applications,Critical application outage disrupts business operations,"If OUTAGE_APPLICATION occurs affecting applications, business processes are interrupted.",Business processes are interrupted,"Restart or restore application, validate integrations",1,Weak,True,True,True,2026-04-17T17:38:49.685800
CL-000135,Oracle says data center outage causing issues faced by US TikTok users - Reuters,OUTAGE_APPLICATION,Physical Infrastructure,applications,Critical application outage disrupts business operations,"If OUTAGE_APPLICATION occurs affecting applications, business processes are interrupted.",Business processes are interrupted,"Restart or restore application, validate integrations",1,Weak,True,True,True,2026-04-17T17:38:49.686269
CL-000136,The 8 most innovative logistics companies using AI routing today - Transportation and Logistics International,UNKNOWN,Transportation & Logistics,UNKNOWN,UNKNOWN impacts Transportation & Logistics,"If UNKNOWN occurs affecting UNKNOWN, potential disruption to transportation & logistics.",Potential disruption to Transportation & Logistics,Investigate recovery procedures,1,Weak,False,True,True,2026-04-17T17:38:49.686750
CL-000137,Oracle Data Center Power Outage Disrupts TikTok For Users In US Days After App's High-Stakes Joint Venture Deal - Yahoo Finance,OUTAGE_APPLICATION,Physical Infrastructure,applications,Critical application outage disrupts business operations,"If OUTAGE_APPLICATION occurs affecting applications, business processes are interrupted.",Business processes are interrupted,"Restart or restore application, validate integrations",1,Weak,True,True,True,2026-04-17T17:38:49.687242
CL-000138,Wargames Keep Warning Us About Congested Logistics—It’s Time to Take Action - Modern War Institute -,UNKNOWN,Compliance & Governance,UNKNOWN,UNKNOWN impacts Compliance & Governance,"If UNKNOWN occurs affecting UNKNOWN, potential disruption to compliance & governance.",Potential disruption to Compliance & Governance,Investigate recovery procedures,1,Weak,False,True,True,2026-04-17T17:38:49.687711
CL-000139,Liquor store owners report empty shelves due to ABC warehouse delays - WLBT,UNKNOWN,Distribution Operations,UNKNOWN,UNKNOWN impacts Distribution Operations,"If UNKNOWN occurs affecting UNKNOWN, potential disruption to distribution operations.",Potential disruption to Distribution Operations,Investigate recovery procedures,1,Weak,False,True,True,2026-04-17T17:38:49.688200
CL-000140,Opinion: SpaceX’s satellite data center plan is unhinged - Fierce Network,UNKNOWN,Network Infrastructure,network,UNKNOWN impacts Network Infrastructure,"If UNKNOWN occurs affecting network, potential disruption to network infrastructure.",Potential disruption to Network Infrastructure,Investigate recovery procedures,1,Weak,False,True,True,2026-04-17T17:38:49.688666
CL-000141,DynoWiper Wiper Malware Launches Destructive Attacks On Energy Firms - cyberpress.org,DESTRUCTIVE_CYBER_ATTACK,Security Operations,systems,DESTRUCTIVE_CYBER_ATTACK impacts Security Operations,"If DESTRUCTIVE_CYBER_ATTACK occurs affecting systems, potential disruption to security operations.",Potential disruption to Security Operations,Investigate recovery procedures,1,Weak,False,True,True,2026-04-17T17:38:49.689146
CL-000142,Azure outage disrupts VMs and identity services for over 10 hours - Network World,OUTAGE_IDENTITY,Cloud Infrastructure,identity,Identity service outage disrupts workforce access,"If OUTAGE_IDENTITY occurs affecting identity, users cannot access systems, operations slow or stop.","Users cannot access systems, operations slow or stop","Restore identity services, enable break-glass access, validate authentication paths",1,Weak,True,True,True,2026-04-17T17:38:49.689656
CL-000143,How Agentic AI Is Redefining Route Optimization in Last-Mile Delivery - Inbound Logistics,UNKNOWN,Transportation & Logistics,UNKNOWN,UNKNOWN impacts Transportation & Logistics,"If UNKNOWN occurs affecting UNKNOWN, potential disruption to transportation & logistics.",Potential disruption to Transportation & Logistics,Investigate recovery procedures,1,Weak,False,True,True,2026-04-17T17:38:49.690138
CL-000144,"Surajkund fair tragedy: Ride owner, equipment supplier arrested after ‘tsunami’ swing collapse kills cop; - The Times of India",UNKNOWN,Procurement & Supply Chain,UNKNOWN,UNKNOWN impacts Procurement & Supply Chain,"If UNKNOWN occurs affecting UNKNOWN, potential disruption to procurement & supply chain.",Potential disruption to Procurement & Supply Chain,Investigate recovery procedures,1,Weak,False,True,True,2026-04-17T17:38:49.690610
CL-000145,Top 10 ransomware targets by industry - TechTarget,SECURITY_RANSOMWARE,Cybersecurity,UNKNOWN,Ransomware disrupts operations and recovery capability,"If SECURITY_RANSOMWARE occurs affecting UNKNOWN, systems become unavailable, operations halt, recovery timelines increase.","Systems become unavailable, operations halt, recovery timelines increase","Restore from backup, validate integrity, rebuild systems, isolate network",1,Weak,True,True,True,2026-04-17T17:38:49.691089
CL-000146,AI-fuelled supply chain cyber attacks surge in Asia-Pacific - SecurityBrief Australia,UNKNOWN,Cybersecurity,UNKNOWN,UNKNOWN impacts Cybersecurity,"If UNKNOWN occurs affecting UNKNOWN, potential disruption to cybersecurity.",Potential disruption to Cybersecurity,Investigate recovery procedures,1,Weak,False,True,True,2026-04-17T17:38:49.691582
CL-000147,"Canada Goose Data Breach: ShinyHunters Leak Exposes 600,000 Customer Records via Third-Party Payment Processor - Rescana",SECURITY_BREACH,Vendor Risk,UNKNOWN,SECURITY_BREACH impacts Vendor Risk,"If SECURITY_BREACH occurs affecting UNKNOWN, potential disruption to vendor risk.",Potential disruption to Vendor Risk,Investigate recovery procedures,1,Weak,True,True,True,2026-04-17T17:38:49.692048
CL-000148,4 tips for CFOs leading ERP transitions - CFO Dive,UNKNOWN,Order Processing,erp,UNKNOWN impacts Order Processing,"If UNKNOWN occurs affecting erp, potential disruption to order processing.",Potential disruption to Order Processing,Investigate recovery procedures,1,Weak,False,True,True,2026-04-17T17:38:49.692504
CL-000149,Top 15 Logistics AI Use Cases & Examples - AIMultiple,UNKNOWN,Transportation & Logistics,UNKNOWN,UNKNOWN impacts Transportation & Logistics,"If UNKNOWN occurs affecting UNKNOWN, potential disruption to transportation & logistics.",Potential disruption to Transportation & Logistics,Investigate recovery procedures,1,Weak,False,True,True,2026-04-17T17:38:49.693125
CL-000150,Amazon’s cloud ‘hit by two outages caused by AI tools last year’ - The Guardian,UNKNOWN,Cloud Infrastructure,cloud,UNKNOWN impacts Cloud Infrastructure,"If UNKNOWN occurs affecting cloud, potential disruption to cloud infrastructure.",Potential disruption to Cloud Infrastructure,Investigate recovery procedures,1,Weak,False,True,True,2026-04-17T17:38:49.693630
CL-000151,LEO - MiLogin outage affecting access to UIA online services - State of Michigan (.gov),OUTAGE_APPLICATION,Supplier Integration,applications,Critical application outage disrupts business operations,"If OUTAGE_APPLICATION occurs affecting applications, business processes are interrupted.",Business processes are interrupted,"Restart or restore application, validate integrations",1,Weak,True,True,True,2026-04-17T17:38:49.694137
CL-000152,Supply chain cyber risk strategies shift toward resilience - Supply Chain Management Review,UNKNOWN,Cybersecurity,UNKNOWN,UNKNOWN impacts Cybersecurity,"If UNKNOWN occurs affecting UNKNOWN, potential disruption to cybersecurity.",Potential disruption to Cybersecurity,Investigate recovery procedures,1,Weak,False,True,True,2026-04-17T17:38:49.694646
CL-000153,Warning over waste disposal amid Kent flytipping clear-ups - BBC,UNKNOWN,Physical Infrastructure,UNKNOWN,UNKNOWN impacts Physical Infrastructure,"If UNKNOWN occurs affecting UNKNOWN, potential disruption to physical infrastructure.",Potential disruption to Physical Infrastructure,Investigate recovery procedures,1,Weak,False,True,True,2026-04-17T17:38:49.695128
CL-000154,Pakistan’s Digitisation Drive Faces A Critical Test: Can Mission-Critical Systems Stay Resilient? - The Friday Times,UNKNOWN,Order Processing,systems,UNKNOWN impacts Order Processing,"If UNKNOWN occurs affecting systems, potential disruption to order processing.",Potential disruption to Order Processing,Investigate recovery procedures,1,Weak,False,True,True,2026-04-17T17:38:49.695628
CL-000155,Updated: AWS Middle East Outage After Data Centers Hit by Drone Strikes - Data Center Knowledge,OUTAGE_APPLICATION,Physical Infrastructure,applications,Critical application outage disrupts business operations,"If OUTAGE_APPLICATION occurs affecting applications, business processes are interrupted.",Business processes are interrupted,"Restart or restore application, validate integrations",1,Weak,True,True,True,2026-04-17T17:38:49.696101
CL-000156,Operating a New Standard for Life-Saving Pharmaceutical Logistics - Fierce Pharma,UNKNOWN,Transportation & Logistics,UNKNOWN,UNKNOWN impacts Transportation & Logistics,"If UNKNOWN occurs affecting UNKNOWN, potential disruption to transportation & logistics.",Potential disruption to Transportation & Logistics,Investigate recovery procedures,1,Weak,False,True,True,2026-04-17T17:38:49.696590
CL-000157,Anthropic Claude Outage: Critical Service Disruption Hits Thousands of AI Users Amid Political Tensions - MEXC,OUTAGE_APPLICATION,Identity & Access Management,applications,Critical application outage disrupts business operations,"If OUTAGE_APPLICATION occurs affecting applications, business processes are interrupted.",Business processes are interrupted,"Restart or restore application, validate integrations",1,Weak,True,True,True,2026-04-17T17:38:49.697083
CL-000158,"What are Claude HTTP 500 and 529 error messages, and which regions are affected by Anthropic outage? Here' - The Economic Times",OUTAGE_APPLICATION,Identity & Access Management,applications,Critical application outage disrupts business operations,"If OUTAGE_APPLICATION occurs affecting applications, business processes are interrupted.",Business processes are interrupted,"Restart or restore application, validate integrations",1,Weak,True,True,True,2026-04-17T17:38:49.697548
CL-000159,Amazon says it could take at least a day to restore data centers hit by 'objects' in the UAE - Business Insider,UNKNOWN,Network Infrastructure,UNKNOWN,UNKNOWN impacts Network Infrastructure,"If UNKNOWN occurs affecting UNKNOWN, potential disruption to network infrastructure.",Potential disruption to Network Infrastructure,Investigate recovery procedures,1,Weak,False,True,True,2026-04-17T17:38:49.698005
CL-000160,AWS UAE data center hit by outage following military strikes across the region - TechRadar,OUTAGE_CLOUD_REGION,Physical Infrastructure,region,Cloud regional outage disrupts hosted services,"If OUTAGE_CLOUD_REGION occurs affecting region, applications hosted in the region become unavailable.",Applications hosted in the region become unavailable,"Failover to alternate region, restore services, validate connectivity",1,Weak,True,True,True,2026-04-17T17:38:49.698506
CL-000161,Energy prices surge as tanker disruptions and facility shutdowns rattle global supply - AP News,UNKNOWN,Procurement & Supply Chain,UNKNOWN,UNKNOWN impacts Procurement & Supply Chain,"If UNKNOWN occurs affecting UNKNOWN, potential disruption to procurement & supply chain.",Potential disruption to Procurement & Supply Chain,Investigate recovery procedures,1,Weak,False,True,True,2026-04-17T17:38:49.698989
CL-000162,Gas prices soar as QatarEnergy halts LNG production after Iran attacks - Al Jazeera,UNKNOWN,Procurement & Supply Chain,UNKNOWN,UNKNOWN impacts Procurement & Supply Chain,"If UNKNOWN occurs affecting UNKNOWN, potential disruption to procurement & supply chain.",Potential disruption to Procurement & Supply Chain,Investigate recovery procedures,1,Weak,False,True,True,2026-04-17T17:38:49.699451
CL-000163,"As Claude expands into finance, outage raises risk questions - CFO.com",OUTAGE_APPLICATION,Order Processing,applications,Critical application outage disrupts business operations,"If OUTAGE_APPLICATION occurs affecting applications, business processes are interrupted.",Business processes are interrupted,"Restart or restore application, validate integrations",1,Weak,True,True,True,2026-04-17T17:38:49.699921
CL-000164,"Amazon's datacentre in UAE reports fire; company says: At around 4:30 AM PST, one of our Availability Zon - The Times of India",UNKNOWN,Cloud Infrastructure,availability,UNKNOWN impacts Cloud Infrastructure,"If UNKNOWN occurs affecting availability, potential disruption to cloud infrastructure.",Potential disruption to Cloud Infrastructure,Investigate recovery procedures,1,Weak,False,True,True,2026-04-17T17:38:49.700411
CL-000165,"Amazon cloud unit's data centers in UAE, Bahrain damaged in drone strikes - Reuters",UNKNOWN,Network Infrastructure,cloud,UNKNOWN impacts Network Infrastructure,"If UNKNOWN occurs affecting cloud, potential disruption to network infrastructure.",Potential disruption to Network Infrastructure,Investigate recovery procedures,1,Weak,False,True,True,2026-04-17T17:38:49.700900
CL-000166,Tata Group Stock Jumps Up to 8.5% After Launching New Data Center Interconnect Product - Trade Brains,UNKNOWN,Network Infrastructure,UNKNOWN,UNKNOWN impacts Network Infrastructure,"If UNKNOWN occurs affecting UNKNOWN, potential disruption to network infrastructure.",Potential disruption to Network Infrastructure,Investigate recovery procedures,1,Weak,False,True,True,2026-04-17T17:38:49.701366
CL-000167,Building High Throughput Payment Account Processing - Uber,UNKNOWN,Order Processing,UNKNOWN,UNKNOWN impacts Order Processing,"If UNKNOWN occurs affecting UNKNOWN, potential disruption to order processing.",Potential disruption to Order Processing,Investigate recovery procedures,1,Weak,False,True,True,2026-04-17T17:38:49.701855
CL-000168,Cyber risk and AI memory boom strain the semiconductor supply chain - Sourceability,UNKNOWN,Cybersecurity,UNKNOWN,UNKNOWN impacts Cybersecurity,"If UNKNOWN occurs affecting UNKNOWN, potential disruption to cybersecurity.",Potential disruption to Cybersecurity,Investigate recovery procedures,1,Weak,False,True,True,2026-04-17T17:38:49.702324
CL-000169,Expanding ransomware reach intensifies sector-wide cyber exposure - Insurance Business,SECURITY_RANSOMWARE,Cybersecurity,UNKNOWN,Ransomware disrupts operations and recovery capability,"If SECURITY_RANSOMWARE occurs affecting UNKNOWN, systems become unavailable, operations halt, recovery timelines increase.","Systems become unavailable, operations halt, recovery timelines increase","Restore from backup, validate integrity, rebuild systems, isolate network",1,Weak,True,True,True,2026-04-17T17:38:49.702804
CL-000170,Ericsson Data Breach Exposes Third-Party Service Risks - Cyber Magazine,SECURITY_BREACH,Vendor Risk,UNKNOWN,SECURITY_BREACH impacts Vendor Risk,"If SECURITY_BREACH occurs affecting UNKNOWN, potential disruption to vendor risk.",Potential disruption to Vendor Risk,Investigate recovery procedures,1,Weak,True,True,True,2026-04-17T17:38:49.703274
CL-000171,9 common network issues and how to fix them - TechTarget,UNKNOWN,Network Infrastructure,network,UNKNOWN impacts Network Infrastructure,"If UNKNOWN occurs affecting network, potential disruption to network infrastructure.",Potential disruption to Network Infrastructure,Investigate recovery procedures,1,Weak,False,True,True,2026-04-17T17:38:49.703756
CL-000172,$16 Billion Lost in One Outage: Why Centralized Cloud Infrastructure Is Killing Global Enterprise Productivity - Modern Ghana,OUTAGE_CLOUD_REGION,Cloud Infrastructure,cloud,Cloud regional outage disrupts hosted services,"If OUTAGE_CLOUD_REGION occurs affecting cloud, applications hosted in the region become unavailable.",Applications hosted in the region become unavailable,"Failover to alternate region, restore services, validate connectivity",1,Weak,True,True,True,2026-04-17T17:38:49.704229
CL-000173,Stryker investigating cyberattack that caused widespread outage - MedTech Dive,OUTAGE_APPLICATION,IT Operations,applications,Critical application outage disrupts business operations,"If OUTAGE_APPLICATION occurs affecting applications, business processes are interrupted.",Business processes are interrupted,"Restart or restore application, validate integrations",1,Weak,True,True,True,2026-04-17T17:38:49.704706
CL-000174,Stryker Cyberattack: Alleged Iran-Linked Group Handala Causes Outage - Newsweek,OUTAGE_APPLICATION,IT Operations,applications,Critical application outage disrupts business operations,"If OUTAGE_APPLICATION occurs affecting applications, business processes are interrupted.",Business processes are interrupted,"Restart or restore application, validate integrations",1,Weak,True,True,True,2026-04-17T17:38:49.705182
CL-000175,Stryker operations shut down after Iran-linked cyberattack - Crain's Grand Rapids,CYBER_OPERATIONAL_DISRUPTION,IT Operations,UNKNOWN,CYBER_OPERATIONAL_DISRUPTION impacts IT Operations,"If CYBER_OPERATIONAL_DISRUPTION occurs affecting UNKNOWN, potential disruption to it operations.",Potential disruption to IT Operations,Investigate recovery procedures,1,Weak,False,True,True,2026-04-17T17:38:49.705659
CL-000176,Helium prices soar as Qatar LNG halt exposes fragile supply chain - Reuters,UNKNOWN,Procurement & Supply Chain,UNKNOWN,UNKNOWN impacts Procurement & Supply Chain,"If UNKNOWN occurs affecting UNKNOWN, potential disruption to procurement & supply chain.",Potential disruption to Procurement & Supply Chain,Investigate recovery procedures,1,Weak,False,True,True,2026-04-17T17:38:49.706131
CL-000177,Iran-linked group claims wiper attack and takedown of medical device maker Stryker - SC Media,DESTRUCTIVE_CYBER_ATTACK,Security Operations,endpoints,DESTRUCTIVE_CYBER_ATTACK impacts Security Operations,"If DESTRUCTIVE_CYBER_ATTACK occurs affecting endpoints, potential disruption to security operations.",Potential disruption to Security Operations,Investigate recovery procedures,1,Weak,False,True,True,2026-04-17T17:38:49.706635
CL-000178,"Stryker flags disruption to orders, manufacturing a day after cyberattack - Reuters",CYBER_OPERATIONAL_DISRUPTION,IT Operations,UNKNOWN,CYBER_OPERATIONAL_DISRUPTION impacts IT Operations,"If CYBER_OPERATIONAL_DISRUPTION occurs affecting UNKNOWN, potential disruption to it operations.",Potential disruption to IT Operations,Investigate recovery procedures,1,Weak,False,True,True,2026-04-17T17:38:49.707079
CL-000179,Stryker Says Cyberattack Disruption Is Continuing - WSJ,CYBER_OPERATIONAL_DISRUPTION,IT Operations,UNKNOWN,CYBER_OPERATIONAL_DISRUPTION impacts IT Operations,"If CYBER_OPERATIONAL_DISRUPTION occurs affecting UNKNOWN, potential disruption to it operations.",Potential disruption to IT Operations,Investigate recovery procedures,1,Weak,False,True,True,2026-04-17T17:38:49.707502
CL-000180,The Growing Cyber Risk to Supply Chains - VoxUkraine,UNKNOWN,Cybersecurity,UNKNOWN,UNKNOWN impacts Cybersecurity,"If UNKNOWN occurs affecting UNKNOWN, potential disruption to cybersecurity.",Potential disruption to Cybersecurity,Investigate recovery procedures,1,Weak,False,True,True,2026-04-17T17:38:49.707949
CL-000181,How to reduce networking costs without performance loss - TechTarget,UNKNOWN,Network Infrastructure,UNKNOWN,UNKNOWN impacts Network Infrastructure,"If UNKNOWN occurs affecting UNKNOWN, potential disruption to network infrastructure.",Potential disruption to Network Infrastructure,Investigate recovery procedures,1,Weak,False,True,True,2026-04-17T17:38:49.708404
CL-000182,Stryker Systems Disrupted in Cyber Attack; Handala Group Claims Responsibility - Arctic Wolf,CYBER_OPERATIONAL_DISRUPTION,Security Operations,systems,CYBER_OPERATIONAL_DISRUPTION impacts Security Operations,"If CYBER_OPERATIONAL_DISRUPTION occurs affecting systems, potential disruption to security operations.",Potential disruption to Security Operations,Investigate recovery procedures,1,Weak,False,True,True,2026-04-17T17:38:49.708907
CL-000183,Stryker cyberattack alarms health systems - Healthcare IT News,UNKNOWN,Security Operations,systems,UNKNOWN impacts Security Operations,"If UNKNOWN occurs affecting systems, potential disruption to security operations.",Potential disruption to Security Operations,Investigate recovery procedures,1,Weak,False,True,True,2026-04-17T17:38:49.709338
CL-000184,A Cyberattack Just Put Stryker’s $25 Billion Growth Story to the Test - 24/7 Wall St.,UNKNOWN,IT Operations,UNKNOWN,UNKNOWN impacts IT Operations,"If UNKNOWN occurs affecting UNKNOWN, potential disruption to it operations.",Potential disruption to IT Operations,Investigate recovery procedures,1,Weak,False,True,True,2026-04-17T17:38:49.709757
CL-000185,"War in Iran Damages Multiple AWS Data Centers, Challenging Multi-AZ Assumptions - infoq.com",UNKNOWN,Physical Infrastructure,UNKNOWN,UNKNOWN impacts Physical Infrastructure,"If UNKNOWN occurs affecting UNKNOWN, potential disruption to physical infrastructure.",Potential disruption to Physical Infrastructure,Investigate recovery procedures,1,Weak,False,True,True,2026-04-17T17:38:49.710175
CL-000186,CISA urges companies to secure Microsoft Intune systems after hackers mass-wipe Stryker devices - TechCrunch,DESTRUCTIVE_CYBER_ATTACK,Security Operations,endpoints,DESTRUCTIVE_CYBER_ATTACK impacts Security Operations,"If DESTRUCTIVE_CYBER_ATTACK occurs affecting endpoints, potential disruption to security operations.",Potential disruption to Security Operations,Investigate recovery procedures,1,Weak,False,True,True,2026-04-17T17:38:49.710636
CL-000187,"Iran war halts Qatar helium output, threatening global tech supply chains - ABC News",UNKNOWN,Procurement & Supply Chain,UNKNOWN,UNKNOWN impacts Procurement & Supply Chain,"If UNKNOWN occurs affecting UNKNOWN, potential disruption to procurement & supply chain.",Potential disruption to Procurement & Supply Chain,Investigate recovery procedures,1,Weak,False,True,True,2026-04-17T17:38:49.711071
CL-000188,"Iran War Halts Qatar Helium Output, Threatening Global Tech Supply Chains - Haaretz",UNKNOWN,Procurement & Supply Chain,UNKNOWN,UNKNOWN impacts Procurement & Supply Chain,"If UNKNOWN occurs affecting UNKNOWN, potential disruption to procurement & supply chain.",Potential disruption to Procurement & Supply Chain,Investigate recovery procedures,1,Weak,False,True,True,2026-04-17T17:38:49.711509
CL-000189,10 Top Warehouse Management Systems (Updated) - MSDynamicsWorld.com,UNKNOWN,Distribution Operations,systems,UNKNOWN impacts Distribution Operations,"If UNKNOWN occurs affecting systems, potential disruption to distribution operations.",Potential disruption to Distribution Operations,Investigate recovery procedures,1,Weak,False,True,True,2026-04-17T17:38:49.711944
CL-000190,Strait of Hormuz crisis threatens world fertilizer supply chain - Anadolu Ajansı,UNKNOWN,Procurement & Supply Chain,UNKNOWN,UNKNOWN impacts Procurement & Supply Chain,"If UNKNOWN occurs affecting UNKNOWN, potential disruption to procurement & supply chain.",Potential disruption to Procurement & Supply Chain,Investigate recovery procedures,1,Weak,False,True,True,2026-04-17T17:38:49.712375
CL-000191,"AWS Bahrain region ""disrupted"" by drone activity as war in Middle East continues to impact data centers - Data Center Dynamics",UNKNOWN,Physical Infrastructure,region,UNKNOWN impacts Physical Infrastructure,"If UNKNOWN occurs affecting region, potential disruption to physical infrastructure.",Potential disruption to Physical Infrastructure,Investigate recovery procedures,1,Weak,False,True,True,2026-04-17T17:38:49.712827
CL-000192,Calls for urgent government action on Waiheke transport as fuel passes $4 - Stuff,UNKNOWN,Compliance & Governance,UNKNOWN,UNKNOWN impacts Compliance & Governance,"If UNKNOWN occurs affecting UNKNOWN, potential disruption to compliance & governance.",Potential disruption to Compliance & Governance,Investigate recovery procedures,1,Weak,False,True,True,2026-04-17T17:38:49.713268
CL-000193,Deaconess Health System Affected by Vendor Data Breach - The HIPAA Journal,SECURITY_BREACH,Vendor Risk,systems,SECURITY_BREACH impacts Vendor Risk,"If SECURITY_BREACH occurs affecting systems, potential disruption to vendor risk.",Potential disruption to Vendor Risk,Investigate recovery procedures,1,Weak,True,True,True,2026-04-17T17:38:49.713689
CL-000194,Crunchyroll Hack Exposes Customer Support Data in Vendor Security Incident - CX Today,OUTAGE_APPLICATION,Vendor Risk,applications,Critical application outage disrupts business operations,"If OUTAGE_APPLICATION occurs affecting applications, business processes are interrupted.",Business processes are interrupted,"Restart or restore application, validate integrations",2,Medium,True,True,True,2026-04-17T17:38:49.714124
CL-000195,"Supplier Collapse, Supply Delays Leave DART Electric Buses Idle in Wilmington - Delaware LIVE News",UNKNOWN,Procurement & Supply Chain,UNKNOWN,UNKNOWN impacts Procurement & Supply Chain,"If UNKNOWN occurs affecting UNKNOWN, potential disruption to procurement & supply chain.",Potential disruption to Procurement & Supply Chain,Investigate recovery procedures,1,Weak,False,True,True,2026-04-17T17:38:49.714576
CL-000196,Warehouses face $100K-hour downtime risk as cloud outages mount - FreightWaves,OUTAGE_APPLICATION,Distribution Operations,cloud,Critical application outage disrupts business operations,"If OUTAGE_APPLICATION occurs affecting cloud, business processes are interrupted.",Business processes are interrupted,"Restart or restore application, validate integrations",1,Weak,True,True,True,2026-04-17T17:38:49.715014
CL-000197,Thousands of Corewell Health patients affected by 2024 vendor data breach - FOX 2 Detroit,SECURITY_BREACH,Vendor Risk,UNKNOWN,SECURITY_BREACH impacts Vendor Risk,"If SECURITY_BREACH occurs affecting UNKNOWN, potential disruption to vendor risk.",Potential disruption to Vendor Risk,Investigate recovery procedures,1,Weak,True,True,True,2026-04-17T17:38:49.715432
CL-000198,Stellantis-ZF Dispute Stops Jeep Production in Toluca - Mexico Business News,UNKNOWN,Procurement & Supply Chain,UNKNOWN,UNKNOWN impacts Procurement & Supply Chain,"If UNKNOWN occurs affecting UNKNOWN, potential disruption to procurement & supply chain.",Potential disruption to Procurement & Supply Chain,Investigate recovery procedures,1,Weak,False,True,True,2026-04-17T17:38:49.715875
CL-000199,Shopify Blames a Compromised Third-Party App for Data Leak - eSecurity Planet,SECURITY_BREACH,Vendor Risk,UNKNOWN,SECURITY_BREACH impacts Vendor Risk,"If SECURITY_BREACH occurs affecting UNKNOWN, potential disruption to vendor risk.",Potential disruption to Vendor Risk,Investigate recovery procedures,1,Weak,True,True,True,2026-04-17T17:38:49.716306
CL-000200,Aramco-Dow joint venture Sadara Chemical halts production amid supply chain disruptions - Arab News,UNKNOWN,Procurement & Supply Chain,UNKNOWN,UNKNOWN impacts Procurement & Supply Chain,"If UNKNOWN occurs affecting UNKNOWN, potential disruption to procurement & supply chain.",Potential disruption to Procurement & Supply Chain,Investigate recovery procedures,1,Weak,False,True,True,2026-04-17T17:38:49.716756
CL-000201,Sadara Chemical Halts Output Amid Supply Disruptions - Discovery Alert,UNKNOWN,Procurement & Supply Chain,UNKNOWN,UNKNOWN impacts Procurement & Supply Chain,"If UNKNOWN occurs affecting UNKNOWN, potential disruption to procurement & supply chain.",Potential disruption to Procurement & Supply Chain,Investigate recovery procedures,1,Weak,False,True,True,2026-04-17T17:38:49.717210
CL-000202,"Chime App Down? Hundreds Report Login Issues, Frozen Screens, Balance Errors Thursday; Is My Money Safe? | Here's What You Can Do If App Isn't Working - The Sunday Guardian",UNKNOWN,Identity & Access Management,login,UNKNOWN impacts Identity & Access Management,"If UNKNOWN occurs affecting login, potential disruption to identity & access management.",Potential disruption to Identity & Access Management,Investigate recovery procedures,1,Weak,False,True,True,2026-04-17T17:38:49.717653
CL-000203,Nissan says stolen data came from third-party vendor after hacking group claims breach - The Record from Recorded Future News,SECURITY_BREACH,Vendor Risk,UNKNOWN,SECURITY_BREACH impacts Vendor Risk,"If SECURITY_BREACH occurs affecting UNKNOWN, potential disruption to vendor risk.",Potential disruption to Vendor Risk,Investigate recovery procedures,1,Weak,True,True,True,2026-04-17T17:38:49.718077
CL-000204,UK textile supplier collapse highlights ongoing pressure in home furnishings supply chain - InteriorDaily,UNKNOWN,Procurement & Supply Chain,UNKNOWN,UNKNOWN impacts Procurement & Supply Chain,"If UNKNOWN occurs affecting UNKNOWN, potential disruption to procurement & supply chain.",Potential disruption to Procurement & Supply Chain,Investigate recovery procedures,1,Weak,False,True,True,2026-04-17T17:38:49.718493
CL-000205,"AI Data Privacy Compliance in 2026 (GDPR, HIPAA) - Blockchain Council",UNKNOWN,Compliance & Governance,UNKNOWN,UNKNOWN impacts Compliance & Governance,"If UNKNOWN occurs affecting UNKNOWN, potential disruption to compliance & governance.",Potential disruption to Compliance & Governance,Investigate recovery procedures,1,Weak,False,True,True,2026-04-17T17:38:49.718961
CL-000206,Why maximum tolerable downtime is a key business metric - TechTarget,OUTAGE_APPLICATION,Distribution Operations,applications,Critical application outage disrupts business operations,"If OUTAGE_APPLICATION occurs affecting applications, business processes are interrupted.",Business processes are interrupted,"Restart or restore application, validate integrations",1,Weak,True,True,True,2026-04-17T17:38:49.719395
CL-000207,Meta Pauses Work With Mercor After Data Breach Puts AI Industry Secrets at Risk - WIRED,SECURITY_BREACH,Vendor Risk,UNKNOWN,SECURITY_BREACH impacts Vendor Risk,"If SECURITY_BREACH occurs affecting UNKNOWN, potential disruption to vendor risk.",Potential disruption to Vendor Risk,Investigate recovery procedures,1,Weak,True,True,True,2026-04-17T17:38:49.719818
CL-000208,Stryker Fully Operational After March Cyberattack - The HIPAA Journal,UNKNOWN,Security Operations,UNKNOWN,UNKNOWN impacts Security Operations,"If UNKNOWN occurs affecting UNKNOWN, potential disruption to security operations.",Potential disruption to Security Operations,Investigate recovery procedures,1,Weak,False,True,True,2026-04-17T17:38:49.720268
CL-000209,Oil Price at Two-Year High After Qatar Warns All Gulf Production Could Stop Within Days - vocal.media,UNKNOWN,Procurement & Supply Chain,UNKNOWN,UNKNOWN impacts Procurement & Supply Chain,"If UNKNOWN occurs affecting UNKNOWN, potential disruption to procurement & supply chain.",Potential disruption to Procurement & Supply Chain,Investigate recovery procedures,1,Weak,False,True,True,2026-04-17T17:38:49.720714
CL-000210,Meta Pauses Work With Mercor After LiteLLM-Linked Data Breach - TechRepublic,SECURITY_BREACH,Vendor Risk,UNKNOWN,SECURITY_BREACH impacts Vendor Risk,"If SECURITY_BREACH occurs affecting UNKNOWN, potential disruption to vendor risk.",Potential disruption to Vendor Risk,Investigate recovery procedures,1,Weak,True,True,True,2026-04-17T17:38:49.721139
CL-000211,Why IT data centers have become military targets - Spiceworks,UNKNOWN,Physical Infrastructure,UNKNOWN,UNKNOWN impacts Physical Infrastructure,"If UNKNOWN occurs affecting UNKNOWN, potential disruption to physical infrastructure.",Potential disruption to Physical Infrastructure,Investigate recovery procedures,1,Weak,False,True,True,2026-04-17T17:38:49.721590
CL-000212,2026 network outage report and internet health check - Network World,OUTAGE_NETWORK,Cloud Infrastructure,network,Network outage disrupts connectivity,"If OUTAGE_NETWORK occurs affecting network, systems and users lose access to services.",Systems and users lose access to services,"Restore network paths, reroute traffic, validate connectivity",1,Weak,True,True,True,2026-04-17T17:38:49.722023
CL-000213,Cloud outage risk stayed high despite drop in critical downtime - Beinsure,OUTAGE_CLOUD_REGION,Cloud Infrastructure,cloud,Cloud regional outage disrupts hosted services,"If OUTAGE_CLOUD_REGION occurs affecting cloud, applications hosted in the region become unavailable.",Applications hosted in the region become unavailable,"Failover to alternate region, restore services, validate connectivity",1,Weak,True,True,True,2026-04-17T17:38:49.722443
CL-000214,Is Claude AI down? Users report widespread login and chat failures—when will Claude be back online? - MSN,UNKNOWN,Identity & Access Management,login,UNKNOWN impacts Identity & Access Management,"If UNKNOWN occurs affecting login, potential disruption to identity & access management.",Potential disruption to Identity & Access Management,Investigate recovery procedures,1,Weak,False,True,True,2026-04-17T17:38:49.722914
CL-000215,Cyberattack continues to disrupt some hospital operations in Brockton - WCVB,CYBER_OPERATIONAL_DISRUPTION,IT Operations,UNKNOWN,CYBER_OPERATIONAL_DISRUPTION impacts IT Operations,"If CYBER_OPERATIONAL_DISRUPTION occurs affecting UNKNOWN, potential disruption to it operations.",Potential disruption to IT Operations,Investigate recovery procedures,1,Weak,False,True,True,2026-04-17T17:38:49.723393
CL-000216,Parametrix places $35m cloud outage cat bond for Hannover Re - Reinsurance News,OUTAGE_CLOUD_REGION,Cloud Infrastructure,cloud,Cloud regional outage disrupts hosted services,"If OUTAGE_CLOUD_REGION occurs affecting cloud, applications hosted in the region become unavailable.",Applications hosted in the region become unavailable,"Failover to alternate region, restore services, validate connectivity",1,Weak,True,True,True,2026-04-17T17:38:49.723819
CL-000217,Parametrix delighted by investor support for Hannover Re parametric cloud outage cat bond: Haran - Artemis.bm,OUTAGE_CLOUD_REGION,Cloud Infrastructure,cloud,Cloud regional outage disrupts hosted services,"If OUTAGE_CLOUD_REGION occurs affecting cloud, applications hosted in the region become unavailable.",Applications hosted in the region become unavailable,"Failover to alternate region, restore services, validate connectivity",1,Weak,True,True,True,2026-04-17T17:38:49.724261
CL-000218,Billions Lost to Server Outages in 2025: Cloud Failures Cost Global Economy Hundreds of Billions - International Business Times Australia,UNKNOWN,Cloud Infrastructure,cloud,UNKNOWN impacts Cloud Infrastructure,"If UNKNOWN occurs affecting cloud, potential disruption to cloud infrastructure.",Potential disruption to Cloud Infrastructure,Investigate recovery procedures,1,Weak,False,True,True,2026-04-17T17:38:49.724765
CL-000219,"Snowflake customers suffer data theft attacks after third-party issue, company confirms 'unusual activity' - TechRadar",UNKNOWN,Vendor Risk,UNKNOWN,UNKNOWN impacts Vendor Risk,"If UNKNOWN occurs affecting UNKNOWN, potential disruption to vendor risk.",Potential disruption to Vendor Risk,Investigate recovery procedures,1,Weak,False,True,True,2026-04-17T17:38:49.725210
